uuid,label
ec01f0e355695067864461027648a8c3,0
d75c3c129e4d55a9847d03026fb1af81,1
6d23c752ab8a5f71b62b19198b57f834,1
6a4edceb4aac58b6a3ca72a7e7dcef0c,0
a324cccadae35a0b90df3e2a68ea88e2,0
6d994479dd955302a1a96765399e76a8,1
3995f2a00364590f9ba3cde0f03f3f9a,0
7db4efede3ac5484bf9bb98d643f0f0a,1
9f45f8fabfb35cb9b855d1ea416079d7,0
5370c69a39765eaf9fd81f10c5d03b2b,0
9a27b7be3a5750cab2187a2f4c46e7a4,0
4ea6e98c0c3f536392815b09f9a677e0,0
e4d511313c3054568a464d16a44a9c20,0
7a3955f168855d729c9e13bbcd02f0b8,1
195300a2c8a45388a42e6e0c9fcadc49,1
2c9a8d8cc78359aa9f3e9010b98ad7d1,1
5144578ecfe651a49fc98305b134d3a6,1
13d432c4087953408e37afaaee8ab245,0
4f67224bb44d5d9ba0ac2d0c9ab59694,1
3c238c6f47255ca3881ff7d78433ff89,1
4215b2026d6e5342927455c14be6b265,1
6acced5c08755c10aa1597635d015358,0
442922d089765c33b24e01edf0918407,1
3094a6a0f4f45c628c6813b2018c914a,1
bdba566804ab569e9ec497919487ebc0,1
21bdef216acb5a22ac87e40958bafd33,1
b735e2b2125d5ff4b7d8d3f04b8ea420,1
7726467c5fe4521690f83fdd05f0275c,0
dce7226506f655668db37497137a0bea,0
2b5c146081775efcb44f4dd93b3d6dd4,1
550397266645534a89a7df7abb807c67,0
cc5f869ffe095272a6d124152d7c0691,0
c738a3448c1a5b5291fef2ebd4f9d34d,1
3eed54f7d2025b079f9793c47d0edc59,0
d14c4ca2bd0c5c12a7b76ab962ba22f8,0
ee7b03dd2b1d5bca81bdce222f02270b,1
03e4445b8b195f3691e8876ddaf6940a,1
c412e3e9de7e5d8db90945f0b7591333,0
7ec15d5ab3a552cd9ae4c01fb8ae184a,1
2fa5d00c0e36568dbd761b50bef7f584,1
461e637c70bb54dd87e0d63305eb1618,1
832a920957a65110bb10d584a7fbd591,0
c3bfe80de82055cc86012bed91a9bf96,1
d545346ba57c532780a6009a18a6be22,0
14a61fdea1de59bcb96b2901973e9062,0
8738ecd579055374a787c1bcabe50ce6,0
ae67545159b353968fd202c0766902e7,0
87925f9d6d2d5978b139eca2e87a8758,1
9620329d571c573e969d818e4bc432c0,0
14cdc27ad23a549c913acc5c675c8c32,1
cbf1e0c5034353918bc5ed3df1d396ca,1
9489916dde7455e1b4a1880c9bd57255,0
ebff50cc688d5cdb8bc03a1250f7bdfa,1
846f29c3ec955cbcb84272bbda413b0d,1
41cb9145ee045e08bd6654304340a5b6,0
33ce80996d005836811edb6ddcd6f7f6,0
70c6f84913be5e159e04f68d1fe8968c,0
ae2ebe2ded0b52b6aa77da06fdcf7b35,0
86b07ab6108758e2a82c7f3bd8d87983,1
296e8cc564265eca8f883c61d8ac1f4f,1
e33680fc1c8159219cb3ad1f637acac2,0
f9efd919edda58848ec34f7511128390,0
ef85b709e59357068200db6e8ffbc886,1
f0a6ae7c64c05a8993ae29c77b0c049a,0
1c0ac6e7139f5e688baa40c5964f9312,1
456f9b4f428b5aa0a61eb306d0a5f872,1
beddfb74fa9c588a9ea2c72f80d63a94,1
7e1436a756fd551d97cb4cda8ffa31b1,0
0270b3b0582559f188680245d5246c92,0
975304ffac0e5c8b8389aa17ae11c730,1
3fef8d20d12b514680a700a266eba567,0
113d81bf4e8a59b38a12ba64082bc4c9,0
11c72ca634b356dba8164aec4a96a42d,0
9e2fbd5038c055c3a8cfce9eb36e0a37,0
912cd8adb0b05b50826bb1338f8277b5,1
d812991ae68e51c39bc0e821c0a25875,1
146753d0e6aa5220a85923cea44502ff,1
df936e60caa35f11a86bb69b0cb96cc6,0
bcadad57ae495f32b636f9f54dc60d70,1
f9fe9401ce565d69ad2317f9273ae74d,0
ba393374392d5e838deb894012ac2000,0
31d0b071d40d5c67bcc53d13d3f7289d,0
8fc09fd2897d544f84c2d8e912cc85cf,0
11cbad08be2c5e799f81d7c199365780,0
027cee43ecac5de3b4e71ac11fe4d338,1
59f6b288e06f5e0990c32a28576b3168,1
93c2a644cff95df987e44ac5e051b480,1
9440385bc167569e9a219beedf62deab,0
92f7e0b4554950f29657dee3efef86eb,1
474c9c23f65157f1baa9075c84312c59,1
fc6fc2ff0b8650b7a5259496bbf03ef1,0
203d21217dbb59f19ec40a6466b94785,0
8c14b4ba44d45a74954cb95a005931ff,1
1b00cb98e3c158c984557459b300bd5b,0
21f0bb9ede5c52a5b62e777d3818121e,0
922aaae4197859f38426c49caa8ef35b,0
6cfaee58529759aa852be8f87367f60e,0
0907d58ae36d54608d888e7f4b9e9c66,1
68cb112e882058a295e095d357cef41a,0
09d8260f9d10549a8a66724076d4be87,1
2dfe9b312d6e57f28d1e4c570d69d873,0
d4e89ffc92cb5120bf5411d62e594e89,0
6742e32559c85499ad445cf0954525a7,1
5e57bbd4ccd659a282e058616455c6b9,0
69a8ffbd23c55b45b4b1276d1233c40e,1
374aca5491a455d4ac24968e2f54a025,1
bf9ea3bd8cc851ef9c16f11261de3cf6,0
2b127fba2257549fa59aa09fadecbcd2,1
01e5e9c2dee753d48512bcd03bdae106,1
45c008c70bc753ef90808fbe32642424,0
0945f5967e805c719087a7ff12558d3a,1
9bd7411b12ea54e69d4efe4220ed577b,0
9b0ef8fa7713559787ac0065e0f4d5d3,1
79f9c5a3ac3d53aa9a40e33310007ead,0
719d93f190c95ec3ac09f5b8d4f9394c,0
f6cc81c5588558e58314b16083bc60b5,0
24a9f4822352558285b1e902b1ac2cc7,0
91409ea09827512bbfd3b0c7a554d7ff,0
52a446a4801c53daa00aef48cedb0e4a,1
84b46cc3b7a8514bb2776be0de54b88a,1
0ee07aea254f560c98cfd56ed4392ac1,0
2a1d43ada9ac570abaa083140366bcc3,0
0e8b575b613c5d9990f43f6883a725ff,1
0aaead8be7a35ada900ec2dd3ef435f9,1
acfcae7bc4e850cfb88ff964fa254001,0
5c42ebab830359048a3756c41f56884c,1
040fce05159555f281bfa86dba3b56f3,0
19bd7e10614c5d4abdfd37b6e4dea3c6,0
8421da665e885e688701ae2ef772dab3,1
8a8af9a9bcda517b9a6a7cc9457ee51c,0
15885cc5b5cc5980a3966c91c8923c20,1
2177ddad507056799ed7ae2718ec1eca,1
1e5f84232c2f59709964e7b926209bbf,1
0f68b394e8215c179928276fa393ef04,0
aec3737d001f5aba95066ee175d83040,0
3cdd3d508aee5f08a09186c657348c67,0
4682000c858a5873be6933cfe56d20b0,0
c9cb0a6264c95674b5a00bb36270592d,1
ee17bc7c957f56f9bf88bb8b9ffcaa45,0
8ce674f0b75c5d29a00626452a14877c,0
8de3b793c48e5e3e8dea00837e6503c8,1
1daee5bd854b57c4ace3121b38d19ee5,0
198ab8d75af851858091b58d40a00e10,1
a9471b32cceb5b2d9749b8dec192a44e,0
2fb0f175fe3355a4835235da31068f8c,1
127f2479b149584b925f867168eaa299,0
e9a359d892a65e17bda13be00fb45cf8,0
2fac5d8a759056cc8252f4c59cc02a88,0
ba31b0d866e25d399ffe6e4192a3f590,0
b1d7cae941935a14b622e45fb8932512,1
f9990372686254bfb7f49da5ae39c64a,0
179182d7387854148e05db7201074b27,1
bfc33575e5315db6b44260c582da3047,1
57d2e056565851bdb461d665062d1ad3,0
aac584b0f1a756409cb7fc9e87ff8935,0
4df632fbc7dc5e6aaf4e063659be8644,1
35348350192a55c3ab46d44269b2ae05,0
1b340a12ff725e4283419602e0fa12d5,1
14593442b27c5fd08fd30c0915d4bf20,1
da6e40d36dc15bf9b6b38cc54ac98bf3,1
019ae8e2b29959089e6cea7428b604a4,0
c1dec556287d53b58ff5f0390b659e7f,0
30998e792d375222894f276c96e8f756,0
4f48bbb8ee9c514dbd0b37e1550f13bb,0
15050bc4008654de8508d572f112ec9d,0
ec6f44befab058ae892dc8210bb70d1c,1
b572df53cc7557948e0fecaf51d3db04,0
9a6cd82dbbc7537ebce21ecfdc30062c,0
bd0a0ff46d445541be6cfb0a8edca2bc,0
da47650158f754b691b944b0c3976fbd,0
d5a225cfb7fe535ead6816ebf767d004,0
72141cdb0a0759819b24adada758e85d,1
ff73ad61d46d5f2fb40a1539bd1f6126,1
730d4df1182c5c709ac709daa0fb1745,1
c139a8032fa159d8800ae57c0bac6e54,0
4c8fb6afc1b15b65a20efaf13f2565c0,0
9d99388541bc50b8b0362074906b07c7,1
4114b670207a58e681d76d654ad537cd,0
07eea8f34e955b6a9646997f8f5013cc,1
1867a992ce9f5697ab05c27a83c9afd2,1
e18662d07bab5883ac91eaff02d4d787,1
bdd060a8e4d25f40a0fa033159971846,0
8e77846d8e6c55618ddc6adb7f73a527,1
98720f269a55524696b3482e26b85ea8,1
608620c32d875741abab5470d09a28d4,1
e40012b8fb775723af177d16b065e925,1
77389ea5c174528f96b614da54b37c70,0
c4ccfc78a64556d1b25e3def6205e4f9,0
879ba1d6a7035fb08c49d03e2371422e,1
cc7bd5d8afca575fa408be3a0f3d8a5c,1
6a80df65f62b5bde9a88c6d2bd94fae6,1
2aaa1f1b530e5651a45d042a90b1c422,0
8046cf4575065384b01efe4df58adc49,0
9f124b3115fb547b98e09effc47a52ec,1
b14e52a5e10c50a5a4b29b46ab7caabc,1
ea2057d3864f5afeb55c57d670b4ed51,0
8116b9bc98245fde8f408ee66e003fb0,1
d7b458075d205572a0a0ab82e00bb075,0
23691ccc0a86563dab90a3eb5cb48db1,1
281a6216b17158478207dda64b15b060,0
d2a82830f887516dbdd313423aff4e53,0
ea8fb34a5d24526aba4bc216fa164cb1,0
59face226464570784054e611b2e4522,1
5f35d28ac7f35e3295f0ac50fa11ae0b,0
9fa9f475d491585ca1e4ae3074098d66,0
165d3bee1b7a543897264ba88929d72a,0
edc84cc8eada5f76901a9196dc25a9eb,1
51a5147f5d325e4fb404b0d9cd8884b2,0
9a1eff7846205ed6b134b6b0132e5d75,0
ec416172bc1d52f0aff416d16100b676,0
3329e800a7ca586c96a80fdf4f7ca038,0
108706df8f9b53cd8b62136f4eec5c0f,0
9577577710175e57a0cf96e4af7cec51,1
214a2fe07206572ba6ddfd133a53e393,0
2d3133bc30d25303b2015d2daa2e0751,0
4fa16cb0a1705119a81461dece7323b7,1
dd4c80bb16d65551921c0353406645e9,1
7b22ec9e3a3359e88de6205c5be4d814,0
5237e16d35275916b0a0de228c838303,0
14fc379ca07b5c06927690f4c00d49e8,1
111218bdb72a562c8134d312145414d5,1
54223b2e015a5103aedfd4ff9f5725c0,1
d76f788b6d0e51b78e189a86dbd3402d,1
4594c512e33e56e8ad8a83e5800834f8,1
ad7839e26a8c570b802c4dcc7d0fb1f4,1
f9745c73b8f859ed8cf0a27795d72a95,1
01548d1e3f145b57bb615bff1a4fcabe,0
364d06958be455149c47e58012bdc9fb,0
72b187d1fb135c1f99c6bf519348b449,0
5cac4e7d21cc5b30aae60ecccc0e87fd,1
b6c483345faf5c24a668ee2b27269c64,0
a912185ff13b58e2b7878176a67292c6,0
59f31bdea08559bfb3608cdc6b9a3899,1
8a7fd3812955565eabb083369f73d929,1
973366c5f8b25267871a830148d1f045,1
cc98294a8c33556691bbc0b935706941,1
d37984005b8254fca6cd3be3e2c99dc9,1
de8e31999ff1595d951d4b7c35c75622,1
3cc603f485745a639ed4047d8941defa,1
5670d9fa1e335a2086ebfeff6420c352,0
f3e0bc66fdef50838e05baeaf0c379d4,1
e3b494ee8cc85273978702c41ddbd3e7,1
6a49225dcd2658d8b879aa73a4866457,0
94acd8ea29d15b43b8af92c880736546,0
96b95da5b2d85b5f86fbd9575499581d,1
329dc6890a3959d4989085704ce9ddbf,1
a7b440b9a1c7512682831bc126f92408,0
e9689ff5456b52d3a7afdf1da62bd231,1
c662082982c25a148c9e7d9e1967689a,0
ce4e92de2c815edb81b777e4838d6e11,1
a37b763ce9d5501c9ad33e05e8a0fbb8,1
7b02d0fb6ba250c89dc0cf74a36eb628,0
9f8e096522595094ba7556933bd989e4,0
e8c58a81128c58b6b33b688e02c6bbfc,1
5345577f7f87537a92cc20dad0597654,0
19bdb562d7e5549db1fab576cdadc900,1
acc7ea4bb1ba5c108626f194411babc6,1
1acf68a5a52f57999e3bf33c60a7df39,0
c221d6ef31c55ae9bde511a37012b149,0
932677c6900d518fbe1ed2dc145ab9dd,0
b68345f8f0575be99bc771bd0b4f78df,1
83f8555903a85051afd2104de5dee92c,0
01448850ce6e5b59ac0d50bbd1c25882,0
754e7bd3550a5c63b6fc4d5be5407164,0
27d8b7a3170d50338362da9710347695,0
7a27c3661e4f5a84b316681bdc61ddfb,1
c3642ec5edb9534fbf63768be5059856,1
ca112dffb6295e798bf8c0512d8bb4cd,1
241725ba091b58cab609fb4223162746,1
2ef2f5ea304b5f738a525a6366707002,1
ae7889becdf55c87990cc99919beb16d,0
32c3756448f6557480fdfab01c5d900e,0
8f957d933e3f5741844d142cc3e21781,1
0b755028596952289bc7a43e960b4134,0
923e9eb2f03756c092536b602900b9e5,0
b5326edd067c53acacabca939fa4412d,1
7f4ef2f09e4c59deb0bfebbdc0e0d866,0
323255af556258bdb8639deb862208a2,1
78ca573475675e1aa65f2d8aabf63eb8,1
07e3f75229f45e669c3b53b1408fcf5d,1
5f87376af9eb5088af578a94322004c1,0
7e6c430cec43598abc53f1ec9dcef40e,1
6220340761f551ac94f9c93d34053612,0
6e4a594ce3f958218a6ed2773bee9bba,1
f3b724ca62aa555a9cc87dad3e7b320e,1
d7b8753889e3566e9073d3659fd15a41,0
2b950398feac51a98cfe23f54897b126,1
940b633866855cc395a985ba743b5bfb,1
11481b2ad628586da3704516471eb1f7,1
e0e94f08d3dc55929fcf7257c0e6b3c1,1
3a66fa0632045ed6bd6f1aa3d93b337d,0
ed5c7bbd7710549aa2c608148ba415cc,1
4ad9a20fee4d54e482d1bd5a056b2f2f,1
73816cfe875252e78cd28b17f05a801d,0
d9596784a4225982bb10a42df6c2a474,0
18698895968959aa81593ed37f03fd71,0
6f7c32e2672f5a43b9b119954b09dd57,0
cb501daa13745645b6440d0f9a0c895e,0
79309e2bf7c357dfbe7e2a18115e583d,0
1b9fbb24ba065869a1c9ab973c70a0f1,1
dc5b064617f55d51b2ef107ee6ffcae2,0
f9a95ed13d545e0da181a90cab715711,1
9082f217b11b5abbb885294baf7adde0,1
7d09154d723253f3bd08e52595b39c17,1
99128036d8ea5d1aa5bd71035812f8fd,1
b857fa78a57655d8aed6e75ab60f5faf,0
7fb09db40d085b9a9c2d8385adb5f436,1
dd999b5168f459bdabc64f6dce518a66,0
583e97dc47e4575c8b00a9ac5f4ba171,1
b7b20f03656f5bd483317646019d9deb,1
4615dc553d935daaaf46e27b073ca3d0,0
18d8182b1f325170ab5379181850a851,0
94ffc1b3fe4e5e429a073f432d0a145a,1
18505cd3053d558fbd7fc28f0d18f07e,0
62cc03cc71145a35aea6f4d330d574ad,1
3ccd89f3ec8158688b5fbd1547bfd6fa,1
84140c91cdb65103a8b77670613a3476,1
b0395224f7e655cc9ba0407327b32d1a,0
625662e701e5580da863f0fc40b97802,0
365408c0eac553cd8a7d995f65f95d3d,0
564502fbb9e85a4a8465536deb539d45,0
67fcc543cbdf5bbf917c838171601ded,1
fdd90dcd8e3a55f4b975602c8e1741c4,1
5a22c3de529655f59032283f0f3fb662,1
888d3367a23555c497e2f40e5c1db39f,1
496e978e7615550582bc8a688b1784ac,0
20f2b4be3efb5208a614b3e254805c9f,0
09b8cc3973465ec49f6ff822028a5ef7,0
83ddad1cdf565b86b355c9789aa9de93,0
7b7883e7a5805f86964a272065a393bc,0
0cfa30f466f454688d46c941ab278ca8,0
cbf4399547455abf91d781b172e45854,1
cfe3f71fac10563c9542f4d80d1a8533,0
a074a57cff835968a9c1e4f2eaf0e61b,0
771b8d5044005e4789a2eb25778fd738,1
087326a833da5f259fa747a3b1f295c7,1
240a4b47d8095f48b326f03250ff6a7e,0
82d1c12b3846586bad03fa7e4df019ef,0
c888197b6bac5b7ebbd700fb3dcd840f,1
bd0a83dec66a56bc9ed8969ec172f3eb,1
e36a3539ec025269b94fc8497909a9d0,1
793648f8914d564c88be759ddda9e42b,0
4f8a939bb05457dd9c097d09a6f78dfa,1
74e8d90938df5f80b281643c0bf14a6e,0
fe37f7793c4552678cc02732f5437a0d,1
0422ebcdbf9d57e4bbc4fa3d034c8fc6,1
7c0a31110c825508a02f49c132f19c30,0
1251c0c89c9950f2828a5556df8e5448,1
a6d04d9a1c2b57d38816c724f9b49d3b,0
09ccb787059552f3a0d08a9e438b897d,0
1e9f88a494535958be90c2648196d1b6,0
92a0f251e84252dab797cd7e86388405,0
995b381d7ff455dd81e98f019d3837c6,1
16628283f7bb546193603d3e21200af2,0
0aab35514c6e5a6a9752a5bb77877da2,0
adc69b71ddd259a09fff1bf066fb333d,0
58c62e10110752718ebcc3c6a6dfd5e4,0
e12a838cc60e50089fcc858b3f73efce,1
cb62b3139692568da59c8470b673e825,0
f0a89b3143e35273a1924d5f3729b117,0
8f78d462e54b5928864ae24322224ef6,0
42b3c2f0b2f456a0b8dab686239756d1,0
fa099e574abc57638732f59d6b482476,0
69401d281f525482b955dba23573f63b,0
9e62f9dd530a5414b25cb76a8203dae3,0
a4c144a0f3de56a89e31013f95dd7132,0
358aa59094df553e8148468d8aeb723e,1
75c922994df45d4e8e2bd38fd18855de,0
5bd6f4f395d252149103ddf3d94da4fc,1
1e2a4ff107395fd19c22ca6b177d620c,0
4c397d352974551987e5b6494385ab69,0
5822c96294cf502e8e04be6c0b5060db,1
765c1bd89c1451609e92104e1d91e152,0
f06bf4739553507bb0c483fc50d8c023,0
c7a34dbf16865e5c9d092c2a0e3f1266,0
5daa1ffcc7e25260a521182dd866cfa5,0
3108e51c540c5f4ca91bfea8cc2e7e7d,0
1437284aba9b5272bb01ab43313a8985,1
79e2dbd069eb5b4f9eff7ff0c68862b8,0
8a8fcb2f2253526285ccc025c184836c,0
02e947b9186b50ca9e1eeeaf00222413,0
1a6f2ef67d5b569e9edac64febc7bf7d,0
18e315b9c267536ab7a2f8c7e286e206,0
ebcd888c3ca55613a5c9b8eac5270537,0
a139262e4957535dbdd217c2001faf02,1
d8dd2256d1dd5199ac172e382d276450,0
098902b94b8f56efb58c1598a176f22c,1
8e047178fd7657b5bd0638e3ca7b8fad,1
37b72503e4945025a526dd1489bfae86,0
46429e44051b5fb2b775c22f3523c6db,0
85284a9a92175a04b13893aa3c5870ce,1
9e34fd25062d595aa17c7bc02f2885bd,0
de6a157c00155a8da3977aa372ef04fc,1
340dad779cbb5924a706ec4c62461ea0,1
1a108fe6a147594bb57e270a80d09622,1
419dfdf8741f572187b6cf203f45a2d8,0
85dae32a3e9553d6aabbc3de4565cec1,1
e4898eb22e4157b880cc3c6a67fab9cd,1
346bd576bc2850e697e55017739c4fc6,0
004eb1d7fbc35784abda15200301cec4,1
40f6dc8f4a98511ba9b8b9557e3c93a1,1
1be08b2d99b45ef6bf2f07757a2a3ece,0
806df5f1c6345fdd88463580682f2d81,1
913cf1a00e255968bcf2c6d93f0e548e,1
9c99bbd0d4165c9480c94e1a6b0fc608,1
5649a7592fdc5ef58ae5c6648c5e8189,0
75d47a3508e158f2b467d806956ace72,0
8f144d5d94f8503fad1cb3da22f230a3,1
7f4914d6e5d75ff0951488c924836abd,0
72f5e7495aa65a6bac0b59a53b02a0cc,1
f36577bc81d3579e98d9fd2ba3f683c8,0
1a0cace4bcb15fd08c33d414de4b6c86,1
6963efe303df5eccacab6592a44e9025,1
76b36f708468552fa1529d13c5cec909,1
5a64da831a2b57d19afcab8953870e53,1
62f7f20142315e75bccf9fe0ec9601fb,0
399b97c810e45cd59d202564679edf39,0
4c6b6e61d755548192601ff75452f98e,1
d98df40efce35cf4a8d6f056a23c0b1d,0
9d1c5527981b5e82b63d30d1b125c8db,1
2ea4fe9b00c05f1f89b4ec23009133d4,0
dfe11b91f0535aeca8769f8d0d07b1a3,0
395a97128cec5bd08b3b7bd1c11f7696,0
be1b36ffe83d5ae4900e0d296899c56c,1
075dbb650f225bbfa73dacc861ea6783,1
78ee981ac9f5553c9044cf0264436b70,1
104a3fda97c75a3082e536610761e37e,0
afaed18d499f5834a804c15d9da51b25,1
b1f5f4f5406c5a06a971ec5852266ee0,0
21ca6712d85157d1b250532608ab7de7,0
e8d9116bd1ba5fffb00a829947b0bffe,1
f13613cfb8325a90b71da005134ea3d6,0
1b1b502783455dfbb4a09c860ea4527c,0
a5997d4083e2551db7a6fe906b52c265,1
0b7223a6a249578eb4fb910b238ba564,0
8e6141f5e1055eab80c6d119978534ec,0
64e5d59c97645fb687db5aa3d82c54ad,1
8e70a8752e2f5e98a9a60186091667a3,0
d7d2d61a9aef5a6d9818ff9b0dc83899,1
06c1dff22a195f469a8e786dea216cc3,1
53060d1fd4f750b89d7871b8835bddc6,0
f743a511fe095d0482b2ff06166f0e36,0
7954a252705e5459bcb1f9a28714446d,0
cb5ca1d521755f8996dcb7b081d78969,0
cf606af61b995aefb100bd053db30e33,0
0db4b32372055e86a0aa8dfc4c6d7916,0
41f7ce0576fd511e835fe4bccdf21a3f,1
7c0a46356eb354afac6ed63b141c4959,1
3596ae65bafd54d3b932ff1a7bc437c5,1
1316467e4d3f519dac27f516a0ba4b30,1
f68968c2b8235dd9a62458b3e8088d21,1
4e466320bf025d5bb953066a50fb2175,0
b4870004d0a153888cb0724d8eb68b3d,1
e32ca96388cb5e92ad110692741fa8a8,0
205e15f749405856b15388ee7681f3a1,0
6010cac45a77578a95f90f972db14fa9,0
3d6469d805825ca3bbaf4c26565d4381,1
54c69dace9b05034bc2f64bb2ec358a3,1
8b298ec37e655e2aa860dbbc16160616,0
0d5d115d59f15cb7a6d828657fefb4cf,1
559caefee94d52aebba91b82a8c64bf6,1
cf02b53e411b5f149f743e948957ff20,0
4217a1b2f0645b03a8a0aa3ca8f45353,0
74dca733e2a55fe28e12f2b701f8e483,1
47c638ce244b56579eca5c7de3c7f8a0,0
ab9beb7c5d575fd5886ac244841cfe9f,1
e38fc5c9d8625b9ca46479773aacd09a,0
f8130fc768475b67b51e4014b24228cf,1
ad6a305c21ed542ea66f926f21338e24,0
6f3f75bf3b6f50d3947347b42b9f12cb,1
b6a69526068057588246c9a4b1d1c289,1
9fc9da5d097154cd9e84db100ed64cf7,0
d6b3f34bcdc25ed1888a123bc3bb8565,0
eddcc6caa5fb5378856e6cd6434758f1,1
9c63823e6e1154a89ff9c259a7f005a5,1
81b5e7a307d15b8cbd42eb8f4785744f,1
1c9c61fac4995919a225afb8bf598a48,0
23c5eea0f27b5ff2bc2d93fd028c3291,0
5b7e2c3a84ff52c297b6db0470b3955b,1
629d3f78ee6253d49fc37d7ac332a3c2,1
12203615f81359c1b6e3269c3c04f188,0
2049ad254edd5d0fbe4ee94a63cd3c6b,0
53e1632fcdcb59b6806ec89ad82770fd,0
810e770edde25d3daea824852d4e5bc4,0
c6d512c878775f8d8ea064f2ce955372,0
40ac0ae90ae3574aa524548cf410c610,1
b3389d76a6a255cda32f914f8ea0dab0,0
bd3dc0ff396a55c7befb4f8d268ee2d9,1
7411f251168e54aab33b67f538802914,0
f8ea1853552b538e9c87e74fdd07e44b,1
757a9986339150508ab58bdf416e5f8a,0
552e47100c4f5b0fabca23b06c9f75a4,1
faa63cd13f855071a8198ce3fef4cb0b,0
ff1af6636b2255d4a89f53ced3d553ff,0
cc0af6f4bca85d81aa2e21c1061e2947,1
04dd76f3f9885852921ec9a8f1865087,1
57abcf1d856a54df850d23fde3c69f05,0
c033b872c8fb553ab9526399aa4121e6,1
5d841278a0dd5d04b4699e3a6f5c6ab2,0
b081f78595645d098e7fb7f5c555cf5a,1
fff69bf3707756529d3ab90453a7c0d8,1
00ff85957c285a3eae0f10a4edc92a5d,0
3a1883bffe3b59b1b94c97c908bfccdc,1
4c7b91a59b545a1d97438569a779c262,1
fbf8a38e4f8754628126a09ace1a405b,0
dc6acdb2a6665cd883d2cd62bd64b6b9,0
b462276463d75f98b81d0da9a9134dcb,1
fe226ba3ba35584da8ff1d5a05bc6865,0
3169eccbad5853b783c3faa2317da7c5,0
e081d302add7507ebee7ebec63ff3390,0
dd4b71c397ad5f729d694c4269447b8e,1
6e1e0ae2bf555238a40dce7d255a83b9,1
6752fbd796ed5a79a629ec6628186fd1,1
8bc833357d7556b490d512dfb38bf2a2,1
3933495abf5551e09d69f7493f39937f,1
120da024858d50f58ed7695a7ffe36ff,0
8debe59422a55d83a52f41bdd805c50d,0
331fc82298c35a8bbebeb5be554747ba,1
346bbd4a14285337901f04f67f1cecf8,0
4cb43b8b90cb58ae8353e546c3153185,0
99bae11ff2b454ecad111ec05ac4f7ff,1
fab37e037e455e6e93e8866afcd1fe60,1
ff572356ff945b5face4ca92cc95cae9,1
5c68a06961da535eb5332da30984226a,0
b80ca855c0d354818a1a6e315b5d5d2e,0
49818935e66e58f3a08c8cd832d98825,0
4c5b94112c0d5c1bb5995211ada74054,1
3bbf054f44eb53aba219113b7d27c76b,1
bab2a6870793508eb947bb969269202f,1
6baee3b4958a50c081905c09a8897bdb,0
bee82091261256aa9fea539b4e285d07,0
c1a443ebf9da5d8faa3e9da164dd7a3c,1
06f43ff50ae855388d9f7de8e0018a87,1
cd54b3079f28547a942e0ac667445ba1,1
02190ed90ce258688ca7edef5a42ce70,0
5e89738f53d65e839cf281fde7fce6af,0
99edf5c78d625049a985f1f65208ca25,0
e6283ed8e51b5438a93cda1c96ed82f2,1
a69f2975bcbf5f5cb9287360c845c44b,0
b32fa3786fe35cccb82adae816c1049e,0
905144e0edde52e5bcdbaecaf9f9668f,0
9f831fde42f65af198a31acf5f2b6996,1
2d87df3e83705a2c9136d6b3a6ba1c79,0
fa6408c3e33b5dfa93fc07f0404e5873,0
7ce3ddac9fa156d6a269940ff13e59d7,0
f818bb2652c8579bb7a4d5f8615dc9eb,1
b42a2e18aa515beeaef051db1b7e19da,0
3c2d6b7e18c35cb2acb3df4fece29d33,0
dfac6c440a2857df8c91e51350c29a95,1
124f5365b6c4591989fda933eca068d8,0
09b9511f26ce5031bd6dd6b75df3638f,0
f96033e2a7a75711bca6c3fbe4c71aec,1
af9c001360a2524892b9ff7fd8ef312f,0
b659e3fe4a41509ab3b9baf4666151fc,0
1591a1985cd4548e865a0b2803f7860e,0
e97109c4360e5d77af4ffcc550f4518c,0
a63bbfae497a51ebada69747bcf22d86,1
d7b46a404ece592da8a76de56b568b34,0
8f67b321104e5b299277469fe1efeaaa,1
7e8ca64db0235d5e8e2c5c41bada2e9e,1
262b768465fb58f5b54e99db7c8bfc19,1
969bb8bb05ec5132859113afdbfa45e7,0
3eb13854f7f95bae824d9625a80e120c,0
5f776633b48c5e7995415a5398d5f37a,1
9dca352b732a531896c62ed675b14c2a,0
71fe896bec665fa0ba1d5917cf19624a,0
193a46c93cc3530db00233c6d473056c,0
a07ba512dcfe5b71b44f4acc567a6bff,0
34f97f006c355e839db77ece565275c1,0
1f21ba55af435264874e3c6e45e0f353,0
ef2343340c3350e684482a4f6f59a65e,0
d1ec150508af5abf98fcd15155483c5d,0
d5f266702a0c56c8820f2cfb12afb294,0
788a8c0da0945d26b2ada3c83499bcd6,0
1212844e9df8565d93b8168f43cc98c7,0
e026f1ebedf156c6bb7666885b7ca202,0
afe2e886c9e55e4aa2efd032dc197100,1
b7e860d8f1185751bfeb0fb205cdd7ef,1
b1cd6f4a32c65be0a114cec11a7d4eb6,0
9c3892ac61e95938963721ae5d774c9c,0
0dddef7429fe539895ba7b362f6cd53a,0
ebad681a63a4576ba35d8114372839ff,0
9b28b092b7485297a81e774888c58346,0
ed08c9bfb2625431a72384704388e9f8,0
7ca501b35e085dba90ff92a30eb21912,0
5acd1c87d079573bb67ae63457b9da6d,0
86515faac7ad5f6782c8cd2cc5132f96,0
481da1f3f9535c249b65aec630615d8d,0
2dd4f30de5675c1b910569424a402b19,0
9c4b40150bae5f66aa31cd48873ecf8b,0
5df8687025605024b7aa00bfe1743649,0
690a7f7a72155ba8abbecee81933c3f7,0
57cf616cf9655a6db8a10fe0bef3475a,0
717a78c8499558a2a8e989c55c1b2322,0
25b797ff24a256fcb664a16638d11311,0
d9aa5d94bace5e768f357b5edb0e8a46,1
e5f3e1fb54a853efabe6f7af3aa06060,0
0431ca684e055b2f877178120d769a68,0
30bf4403f35057f9936eb0a3763ab973,0
4c5efff44c1952dca6a75198d7bb208c,0
fcbccf13f8465cc3b3a44d5f7c3bc651,0
a2c6cf66012c54528dc3c9bfbafb538f,0
8e714ab3dbf45770be3cbad85816424c,0
11702e87b69e54a3bf346210c6152602,0
9d06e5b01823536fb45e41fc1383b68a,0
517f0cbaa9c453279e373104d9583cda,0
fc41d448370f54b1a2b54a9f4b379172,0
80fd4144823e540daa57017ba022033b,0
d8ea653a5d6554b0962adfa21017cc1c,0
e551327849605089a60e0b4a6fe912be,0
33cc8609a74a548e990cfb660de7da59,0
766f88302ad1529d8ae666b4c755c6f7,0
634ac026be215a8fb69f55b716136555,0
34415f1e17535986b4198920902f6263,0
07eb05153b6056309308dea6b7e392a8,0
c530e5cbb29f5958949f85556eaaaceb,0
acb51fafb7d456818c4d1e20d635c8b5,0
def340564e1758359a769de84b3f9b41,0
043ef97b82e25854a08270269be9651a,0
357e993934165925a6da85e7691de91e,0
df54bda31c075f54832e99481ed734ea,0
222582e9501a5bc5afcc6a7e146d5e7c,0
075e73d0a2f15d6e896c1fc09cec3fd3,0
d118b7e3fd3d5113851a251b73a59806,0
da8fd8fa86375d8295b5ccbfccb58ab1,0
ccefa566de3156b5a34615f644812727,0
cac6d854f5a75085b706656c9d13bd7b,0
90487368bcaf51b382176b5580d984fa,1
7347efbdff555ef2a7fd6918be0be0e2,0
8c0d1f1060895613aa91ee8205cf275b,0
5874fd731dae549db15b317b07f93286,0
c07f20964afd5b74bb3f1bbfa4bd7459,0
74656d7a7a7052c785fc8fd22de6d40c,1
1f60069e54695f24ac50d2cdc886c079,0
f096ef7e28ff57abba594c0eb14a4df0,0
24c00f885f4b5ffd82044c987c9374f6,1
82cc5aa0ae2f5c37bf11de82e1025908,0
d04f57924cf555a2870d23e8ae304dbd,0
42a9a90b0f815fcc85783510c84107f3,0
6cbf8e8647405b3b8c289fa923bcaa4f,0
cd69f7225e6e546fb625f66861f2c941,1
bc2cdc889e2354ddb475fb13373f61dd,1
8a3238e343bc54b290f812adc160f325,1
df409fe853475ea299915496d2ab5f15,0
6954462a487157bc9be7633db3592a6e,0
94d75460ea705584868d2d74d9ed43c8,0
a2d9008c41425bcd9ef092a7d6f7138b,0
5a5cbac5dd94522e8f2cc4cc59fe0bea,1
9996a6f0be89533384e251478bcc4b72,0
6dcfee780baa557fb35a9dc9980a8950,1
3e01b172fa4a5562bfa92c580e5d4810,0
e341a42f97c65c4fb681860cca0308e3,0
b7d12a6a225c5d709ce8ec2a71c7128e,1
ee9aa5dfabb9589ca8ef564e836acee3,0
572a777154d955ea9d21d65bc97c2a15,0
11512522afd75721b6441df3a07094d0,0
984dce5c6c09525c83baf76ee51c0980,0
5d17bdb8f33955098065961ef57a9158,1
575e6aa8c1c453808ef8069faac21f5a,0
a0f931143c17559990eba1fbca5de065,1
f0eae1404cfc5c44bf183f3930f2bc4a,0
7da5c523eac651d79267d9cabe83a3fd,1
97da9cab05c55024a00824335c207ea6,0
3d0ab0df55dd5b65a7dfeb88c580947d,1
1dade01ab9eb575ba01698f2c8482edd,1
2bb7b2d46e8f5ecc94520817c8ad2db9,1
bc241fcee1e75bc8a2d13106d9d8e856,1
2e95e69b7c105f57a7efc4268b63ae51,0
e7e4e42bc99b57b99ebf27ed5716660e,1
da92460533155b41b6d2d979df0390a4,1
9e09f68e116351f9bd1051e5ce95d5ae,1
fc47489fb933564399e58f29232d6775,1
14ef7b01352d5f48a064a1eff236d1b1,1
235cbcd464895372b07638b3429cd189,0
5a71b1339c6b557a93f701becf1b7541,0
d9bdcf85ae135888b6e014e84c521cda,0
274e34a56baf561a9ae435ce529a7ab1,0
968a6aaaec8a5828b6e1581f3a5dd227,0
fa23406ff3ab58009361fa0cfb474108,0
367db72a76eb52c7b8c71abbda23aa36,0
95c62a7fa1af5858adabbfd2fe141eea,1
09ccdf5656705b8ba57bce31f37ef159,1
f000edd93fc35fb69a849bce42ea8383,0
ae79095a121f56eca17692147b1b4b9b,0
bd9564a9c08555ec87d6a2f994c13a7f,0
e58aebb6d428590b926200be68f2e123,0
61c7564b3412538ab7a9b3aa9ddd8b81,1
6ebca8aa88d55dd8a9a9e9d0c8d562c4,0
2170d44be8655b13b5a955c49879334c,1
c927b614f136551793513d59de0cc6d7,0
f0df471a51625aeebbfcee4808d88e65,1
da0d4015fe66593d8bd9fd9247e97f12,0
2c1bc4900a905ccaa2f33b8f73893edb,0
8026e6bfb1395036938352f3b84550c5,0
bb3db97b18955940b259630eece7d89e,0
703b37a089bb591492877a665110afa8,1
c675e32d3f1b5caf9a1583f8de373a10,0
476eb788cc0855148d68a5cbd02d6306,1
a8caced8d52f56d3a0a7948660a4b309,0
67c8b7b3eeb85888b87bce1f6a23a665,1
09281fca260b594fa93462d8eedda714,0
efd7aca9f09a5250853d03262181d059,1
e85bda4bb641568388f37dba3cc00f1a,1
a9fc5cfd0388503db4a5abaa31900919,0
5aa72aeece42577b800622b5aceab829,0
0d22869e61a7595695cbb3560b231da8,0
2df858d03cde5921b3b4792fd1abb202,0
4932d01b979a52ed9838193b5104d91a,0
aae3ac4f085653e9a07fbaa973a7697d,0
b10b9a5a78205d529c1d6b2e0a127c0a,0
dce760df05455b008f6a8a4ec66527e6,0
5deef56db99d52eca1f6f66b984f1b88,0
ede264ad32ae5a738bb07126fafcec53,0
3f02d790d8d0571d9462d83306581288,0
64dc898a14b1523ba6be7eb72dda5097,0
15486c24db5c514ebe073851740fe35c,0
24d2ef588d2657eab47823c1290b6f37,1
b30ed629771a58da8fbd8fe73e77e86a,1
83f2f452fae05be796e21cb4a6630b5a,0
e14b5e70e0f25776b49f0728e410f4f2,0
ec29a640c5475d1082c06432c80fdcc7,0
8e4a992816f558d78f2cafc08cd5a640,0
1acffbeeb59c570c9d47bb7fea48c4eb,0
2c7cf95f523452908dbb4ffab16eade5,0
07d1c79b63f95b5c802d4903ccac024a,0
c7cedc6923fc5037bfe7f2d24969d142,0
b9f013732e57573bb293722d0ac0ef06,0
9a96eb6bfd375b6394a2200f72585e82,0
cef87c37283052b983c69a491c1f0244,0
2932fbf1e05954d69c53064a70389b13,1
7ee2522f4da85df489d2b981b84ea5f1,0
1749b6ade7145c14bac0ed5024fe125c,0
b448a4bfeeea5238a51465691d215300,0
946a95fdd5bf5d94b234c34b06ba2643,0
c57808d5998e51208bc9c54fdd29bc1b,0
7d8cd0dea0a75a64bbcf4f8397ed2fa8,0
df61fdb8138456f394e69e6c34f580ec,0
02ca243f2b9b54b488cd71958d1db3bd,0
2f8e542ea0c9511e9280b275dbc7970d,0
70ccc7433de35f2dbf920b131a640ed0,0
3728aac35e2d5586b3e5545a0e5076fd,0
346e3eb4fab45de0aafdccba6e171e30,0
c0426c6474a75f4badb85f1290a34cd7,0
9cc8c19bc3b057c5a0ef0064192bec31,0
94aba345e76d596a9d058b403b0eaeed,0
631816c9509b5ab4bc1f0559d8008ee9,0
e92601e1376854239bc339c1d82c9658,0
f9352a0952ec5372be26fe462470ac62,0
662fd9e7342350e1bb6d126a15bcd1a8,0
b34d9807f7f051f98aab200f08254b66,0
bc12c9b3823e5be5a37a547917226766,0
e172c78d9f7b5d94bd6fdace6a6fe59b,0
7c7cf01ea4d15210aa066466061d877e,0
06b4ca7cf55d5838b527e78c1986b94f,0
273b0a55bb4253848e6dd7eccd0187d0,0
41f28d7841a5567baf08bc4212be278b,0
805c78ab03d954828f9eb7aee0cbdd5d,0
decda71c38895789a5c9568a23f3fcff,1
d921302b06095b53a0d9c34337ababdf,0
36b2b15717d556eb9b49efe66851667b,0
fdff4a2bbc615355ab803b86aada9bc7,0
20c5d4d525d856e4a14b98b0c276f260,0
cf1be5606213567186f706ff51db9e6c,1
578789153c6759d1a34c3f566d93c58a,0
8dd2cf3b51405ae18974b33083a10ffe,0
b43e4acc54b154a7bfb7a8d9247da55a,0
eb153387118851ea87e6c0d1448e3363,0
d92f9b8c33685b13a66b8c1fa01baf21,0
63683cb69fc45f41b1c3276906d7a816,0
cbd621dcb5985c6d92daddaf437c8d10,0
ae9da42dfc715b4db072621927d274bb,0
5aed9e7185ee5039975cdd283cf74324,0
b9d647c0b89f5cbbba2bb7ce3b9660ba,0
30ed9a779d2751459f50454b5df61a6e,0
9662ef867d0250c6a51d8aa306517288,1
1b732eb8076a51179ef34b0dfdd48d71,0
6e328c0e3a505ee09e7b9f28f02f786a,0
429e75b09e695fde82cdd6e642ff60db,1
0fe7f1b6721a5b1fb2c97b24877fbfba,0
bfaa4b1da9bb5fec94aeaaa5cdbe0b00,0
5bbad27aec115f738f8e6223f582eb69,0
6aec698236d550029db0b0764770dca6,0
49d2f652181459c690a73e31d35fdfe0,0
6f1721045dbc5d80b058b426d0ab6d40,0
52810cec1cb75078b0eecd12fc1662d1,0
7e931db8698d5fc9ae19eae3a1d52465,1
c07748b4c3e8569cb5a476d44c9dc16b,0
4b655be1d8485986991cfde4f5883d79,0
bbfeef27e1995e389e0b102d21b76def,0
1cc0768d9c935fcfbe0898fe171a8217,0
61a4b74f227f571594966ea07a3c37e5,0
c3304c2fde3250a38fb7f3d3d0d0dd9b,0
6e0b02e8601753d995baba5ed9a5a9ee,0
2a15cd02ed57536192101f84ba70456c,0
ac009f85f94c5ad3a50144e9a96fdbc1,1
0882c499c8755ff0897657c23f0b963a,0
f79b5e98efa753458366e1a86151ce3d,0
43e138ff792458d0badd142adf907816,0
889cfd2b507c5236a96377f7b0a9cceb,0
dc4156fcbcd6599ca55d006aee1d2663,0
e2336b5e7f505e8cb197707af0bfd488,0
f399ce19b1545f6b9a3c52b688d747fc,1
627fbde108ad56f6b0a534d7553378a5,0
dd0627ba989c531b82e62f7c04fa3eac,0
33d26ebefce55712bce38809527f1f55,0
f74f13b69bfa53dfbcbead9597e1519a,0
4440560fe2325707bfcbbae0f12fc5e9,0
10977d1f2b4d54df9b98462628b47a94,0
9e4cf2fa8e2658bfac18dad72ebfcf7a,1
e06c9b5e30bc5ff886e8095ceb52a5f8,0
13113dc3db8c5ac69cc62549b328f033,0
fd81c1c15a305ad182ea71b8ab1ad76f,0
23e41d307d3a551199690e34cb90daa8,0
b766cc62acf754219e4b81a7783956ba,0
11f0142b49a95b45a17a34f0b54e94a6,1
8763944a10ce591ebe459163003af7db,1
bbe4d874e5cc54b7a3b090239e008657,1
0597866f54f95faca1ab87d86293606c,1
f7865ad1d4a757f5953406cd28387b88,0
57dcb47a6c9f5de4aa21205cd880b0ff,0
bfa3e7744be45414be59e96b84f9ff29,0
897fe7fdabe85d1fb6ca7399340e978e,0
603ecff471e65f1abc82e7894b1d1532,0
0ef2ec82306e51a2a6bbe6b844621e28,0
cf0209ec84a05028ac9d302b537c85b2,0
ff5508b731415d88b6638f16d2b82f89,0
1c1f29b0be0c5fe9b1c3c66577a1f4bc,0
90d4593573125fbc87f4b77b9b7fdcbc,1
d6903480a4cf5d099c24bf45eb7f1408,1
108a027e20475df9aa2dd6eb6d2f28b2,0
4f5a1beb8f4d5a14a048e9490d3a2708,0
f428fe07834553919478a746f06d4c3d,0
db89a3746be55e59a781d7b7f16ac415,0
d96a19225a2f5b9e900072b032f16836,1
670f0dcb35995183a5f4631e42e9234d,0
deae694019b4523793237b9745b7ecf5,1
2c4e3e8f23cb5c9cbc420416d280fd77,0
bfec7ad220965919a771a0f6d2c3aeab,0
c3f1ad27c8785ed8913cef8eae3a07e2,0
afd9b70142d35a988de56836b78b1c61,0
df5645c8b3c654d1888d253a3e4453d0,0
54eed8edd6185fc1af8e716488eb3ed7,0
6cfa9f766f38505a878c1e51b6ef193a,0
55c60764660f54a0a23fb50ae00c7874,0
fe1a0407921352fdbe1e7b53e912d96d,0
e1481fc3c5f951f58beeca83eefb22ae,0
0614ef6356cd5278b9ecb4db1a188641,0
d3990429b194577a8065d30c6a8e62b0,0
6300c29deae853398840993b6c88c511,1
cd7f7eb55efc5ad680002410216a9ca0,0
4b235cb54dcc5a47b8887a44dd850c93,0
61280d36344456708051432e0c1b5e59,0
a5ce77ab4d3c5891bc026d4ceeb7f729,0
fdadddfcb8225543b1f583649e4323d4,0
6e212a54475c5ce8b7a8c65f7d0d35c7,0
1db3fd18daf95ebf800739d7f550522b,0
f2d232e9afaa50a6a355a842e22d515e,0
19844422948855298b858fe91370bb95,0
f5fe279f6cc35efe93b5f13149680c55,0
b8155155bb4355618029e1cd23eca21e,1
bf11d90c812c53e59be1362a216b455c,0
1139d06798df554b9a885e71f969d5eb,0
30d891a7622956d49c9503626b450b48,0
250991af021e5b13a61498660f648447,0
96b8a6461c0f5d18b0afd9cf4243055a,1
7801972596965d79a35f4ec97093600a,1
2e2ce4ad143a50bdad9cda97b58174da,0
8dbaef426b9a5afc950cc8a7c0bb4511,0
378db6a063c8560aac0ec0706609244c,0
3ec769329fb854dd99217b52961cda35,0
9f917464b0d65635b542896ca57158d5,0
97a363a7cdce5b4a8c83e49c08e0c0a0,0
f1efbf7b6d755faca872c7833a735ce8,0
49682201d73f598a867de8ee51f87ec4,0
2a6763febd6d5fe9938603868d16e972,0
77bd475d38ae56478e0b8e183bce7b40,0
2788c77b744959088e61198b71a29055,0
2b433ba8beff5b8ab32cf4333d5b6048,0
c10637fdd87954a998b654d2ffd7d379,0
8aabe38cffc55c1b80592cf5c3b97d52,0
7ac506497f5a53548006897cd034530d,0
6987663c3e1f5ef49b53ac5bb1dbcb09,0
fc620ea90e2d5c9792f91cd391d97eca,0
2d798d8bb3945e09a9a01efc2eac3bc8,0
6bd8dc26317f573a89017944ddbc25d2,0
322434048ff25dcabe7d9a68a22cb684,0
862dcd323e4d5ab5a7bb260790a9b471,1
def86a5e66f75353864ca23a04958a6c,1
050fe2d05e3d59efac74a8c4513e239e,1
8302cc6e51765c48b711111f3733e8df,0
6ce048efdbeb5df3b3da6899567413ac,0
f3b67dc4f25d5bfb85f959bcfa463b9b,0
1170f7a270c65d0694719fba5df46ace,0
c8068a6347b95a4ca1b9cb7390089277,0
c275f4b7dc535ee18fa63ce3d97be94f,0
1354769ed20e5a00af60f6e44aca6413,0
fc5bc9097568505d98671cf8d0036dc4,0
fd6b4431714a574a8c38b31a4bcca5e5,0
fdaf3aec8b9854e7b30aea39a21ddd7c,0
07353a9bda495fc68d2181d6107db216,0
c4dedfecb1695977b3aac5eaeb923551,0
c7f118fa38bf5cf2835b3d017ce256d8,0
c4b8c94443c3529a87a08bc57f047013,0
cca98d619a57545aa3cb9177aa4df3fc,0
6b5076c2d86c5881a556c3c761aeb861,0
86f09f8660695f4baa49abbd1f68243b,0
2564916c57fc54bfa9dad39f2a2223fa,0
09af9e00ea765bd8a3ccf43d2f5b3cbb,0
888202c1f1475aef8b12d9aa380b6ada,0
7bc88b01f1b7561f8845920884533069,0
f8f7fc94978b5e958477778537b75764,0
c62f5ee7074c5524bd93b846601b1c64,0
6c6d21d3c7485faa8f20e3064313e409,0
692be66e866753afaf08a34a157ac60e,0
f7160ab8a8915acbb2f1e1df872b4ca9,0
67435413bfde5aa4ac73b8aa1e38ba3d,0
9e9f1e17d84655fea1ed5e59005a7e37,0
79de6352d2a55d3887ab0d872bfd7512,0
d19f833b26b8576ea7b2df144ab8d35a,0
c85107b357d3509eac07b9a87ac118b4,0
e7f893393c6350539971f5175f7596fe,0
9983f49badfb5f3ba3d64a5cfc91502b,0
cba02eac6f8157819fe5f1bff4e50cb9,0
0fdab70d05885d958db45fdda962d240,0
3e2487783c7b538099feaea1fed932c1,0
17c7bc7623ce5c609e75f22a47233936,0
8d473de239415e76a2d6bb6178f90e8f,0
2eb2d7666632562ab546e25517694424,0
5d802efdc0cb5b4fb71fff56d1037f1a,0
4cddbe4299375a7483eea920e5bbc890,0
402b82c4381a5505be5c22fcd4ac5e67,0
b91adf629970568cbe03e0a604664221,0
4fa83aac10525a288de52d9bfc8dc958,0
b48252f833bb54bbaf35dde87d3c8d30,0
28d55eaae7a55fdbb6da968af8ca38be,0
a6c67c3b301a5c3ea3a12a3908af91ef,0
eb00d680be5e5670ba232d14ffff578b,0
6a94af0618a15e50a18d03c84c2ab690,0
e0a0fda643a95565bd91ce58e68a1d8d,0
5ff7505cfdb35feea0bfd7ca4ad5dcec,0
90f8c9653b4354e29d6638bdbd2060a9,0
bc3d89c47ac1505c949382e7bbe9497b,0
d6d5225aa7dc5146a88ea05075c3cdef,0
3b6a906f29d054a8815db9ddcd837320,0
f43f4517954c57129185635a7471d08e,0
2aab67a0503b5fb2a0ba07b94f956c7a,0
bceaf67652c85ba2bf8807bb13f1c487,0
37cc2f67ade05d3bb4f68325409a6dc3,0
61146a451ea15415a207808a3e21d143,0
62b127a140b155ab9cfa7270c865aaaf,0
804906756a165094a73b2727d2b3efd2,0
2095032a46c853a9836dacc60fcfe071,1
019c6bb319475f928de8dae80bb67e6a,0
b8d1d19ce5e5579989c9760614edb6b2,0
964fc83ea26950b08ed900288a0dc9b6,0
1e5e538dd56d5bb6aface92a543900de,0
618ae7710d425728b34ee8d473f3cc11,0
d111342d45135fdca191350a41d26cdc,0
38e1eb69ea6d50ee8d293489ee9a70c3,0
270ac483126c57e2a779b965163830eb,0
56f40f45c1a055b2b41216fc8f736d30,0
6f54b488432951a39676a032739db641,0
5525b83ee491580ab29a254c8bae6cd8,0
1e5566a5b82c53e3a541d536a47542d4,0
cd04cde603ec570aa89c543b802edc3c,0
dee2a1258a9a50a0b9b3be1738398cca,0
5bcad770999f5a46b7b5446aa2d8cd22,0
121ac47f8ec65219b298ce64f2cfa545,0
96c157d064495c5ca7426a7043466a13,0
bf7f054a8dd35ed1a48349f6abe77033,0
d649bf29af0b5e29a9c06cdecbd3526f,0
daf85abbac14560c9f17e3e7e6196bc9,0
778167b6b6515f86a8e7a9e026c69ebb,1
7ca673f2987e5d6bb5e9fd1c3a8e5ab3,1
c0d89f5ccec35cb3b7212d1bd6179322,0
cb92ca191bec5d3caadeb453acd31c91,1
b8d99297dd48524980a217be6b499f8c,1
806ef7ecffc25996a0a7b6b1ccffb8e8,0
b70f001a3df45568acabfbc7b6b361e8,0
8181a3f0caae5dc18257d93c5e14d1f2,0
0b6fec5d1c3c57b399f36b3d4a6a3bc2,0
93660e6f34c45b9082c297289fac68b5,0
894012144eab540b8cf849ca7bccaf06,1
1105c58a4bfc5df7a28a7bf0e106ed88,0
da3cf8b395b559cf995d317126d5589d,0
18c22490d1335d6bba8cac8f1ab0e61a,0
55ba5f4b6278561fbf18706f2753ec06,0
281618a195d45781915161565dd0448e,0
b94fc7cd25dc5b8fa40af8df74e018a3,0
59183cbf768451eea70073ec736050cb,0
e5731306a65650d6843334e3af3c842e,0
623556cae04c56eb981fb4f5607f3ff1,0
fc8e0481908b520f9d6ad74973f727de,0
c7fce392ac8e57d4a8d8d20e3f0513c5,0
3f33a740c98b5325859a97e436a9564b,0
4f731777c4ba5009ac3c83f4f66b1c59,0
790b98a77baf5d32b0976466fb71ea53,0
b696240c95905098a02c0dad1a2238f5,0
76cc33b5cfd758ed907be2e52ba33c25,0
5b331975c1ac5bd19e4898c93dcb7da9,0
69390212bc565ebab1a670d8d5da50f5,0
d58be7d7d7aa5fa3afb284d20daf9c2d,0
08576a5f36d85f0a9d5276edc464ae3f,0
8825d3bb625a5486962b8b83988c38e8,0
e2b70db0460150bbbf476d5bdac6134a,0
ab10a69737285ffba2291ab6683493dc,0
d01dea2a0b8559d195e959d5619b174e,0
7d7815cf5bf35284997a55b901371233,0
c73d656b8382579999ef34d028858f12,0
fd5bd5925d445960a50e3e827d3d139f,0
9db94828b34952f59f6d8bce0adddada,0
03c699c916095cc68707a29045aa62d8,0
ddc639981f7a55bfa7361676dda32846,0
0b13d2bd740b57f2bdc5c046fcdab629,0
de63e85fd44952b68ae488eb88721c4f,0
9450f62b3dbf512ca0e6070fff85ff2b,1
5df29e5cbb115cdf9601d7fa184d90b7,1
08e6f32f00aa503cb16a1e72fe19ef2f,0
02f7b78805fb57bca3c18c3348faa9d1,0
dbb88b7932e952b5b4a18c88fa876249,0
85dc7d51c8cf5427957882ec13a94735,1
c4a3a7a2785052a686ba01fa8c17e3ba,1
83497dbba8d351489dfc4444f4c05288,0
6f4c80ed03f85bdd8f40ea108156fd8e,0
f18b89c2690e57779be935ea5d478d55,0
b61db97da261574cb146f906005dc1ae,0
df1fb3257c3b5aedaa7a69fd4b6902e9,0
3968f27932fd5da3a479398217f648f6,0
6287e6305b7657829c67334d7672ccf5,0
2b5dd73e7f945a50ba0e1caaf8423f31,0
465a9034652f5b31a674c70612dc0b27,0
716558b2db38597991c7a347467a49a6,0
f8f39a1e72c35f34ba3d1756dff00394,0
072a7632a4c3540fb3a0def811a6add8,0
7ec715cf532c59be9c7987ba3443df82,0
2c920949a37c52358181955c6dd6bd29,0
22d93de1704858ef978a80a8780b9ba4,0
60d9abea261d5952b9e447268f7d8505,0
c30113021799599a862292b89b9ced99,0
89b30c62049b5cfabdb2ab710337b47e,0
31f7cebe130b5532aab279bf5302e709,0
c9bd5ab62ac65e1db303d2d489537e57,0
d6c4fc33cdb55ac3ac0dbab65b2a2de5,0
c91ab437d454534d970f18c5ad5f7491,0
c08bbed76b5057759756f166d85c1c12,0
88c9fcc5a2ca5de0bfe024345db113c5,0
32e1a2c09ebc58c39bf6f7354f506d59,0
6d35fc6a5e695ca3baabaf8ccdc6b997,0
a01709e3874158278608f3ca663c81eb,0
44a8f23a04ad53be85c72b3f198f5913,0
7278be2c70c857258b2ca297a8d7b0ea,0
c915fba660fe506c82c9cd180323e27b,0
9a501b614af0572c86269e77fef6b95c,0
4b7e049a4217519b9c04ea11d0a77182,0
56e4201b327e5e169e2286d80b03ad51,1
5c2813602af6500aa47010e0ef3c2165,1
66341728acc95e939c94c46185c286a4,0
202ad9b3b4ed5b87a1b255723b63606d,0
2543e49cfd925519bc434a0da7a80f39,0
b16868c05c235fc283b8b6c4a6b786f6,0
6e0fb17a5e9057ac9dfab5f2e9377a58,0
b4b0d4c9a9485fa8ba78e5a3d85711e6,0
f78aab8ee14e5e718141f1c09fba2007,0
ddfbe5ac7b05545398be8781d5e83dc9,0
779eb2a98b285903ad82130473d21552,0
6780628339d2511e98068fb522ce18d5,0
4599f9a6cc1a524b9b8dc15bc8fa3f25,0
9a502653ee61569e804bcb0a9a561895,0
ecfeecafd7e9544997557c6fafa68004,0
6a9ff6e548185d1584204e11ef9af7db,0
85183d2e1a5153288dc125781ee84540,0
591783d3b6655ae8a2a2471804f3dff7,0
d6fd9983584e598a81d3a27c7953e7a7,0
7b696890fa7759ab88b89e1e6e73bbf9,0
9e54d36099885c66976294f8e037e945,0
8192bc2e36d159ea995daad5224f2b7e,0
99724b3093745f6da8a466eed55c2eec,0
a8fe4db1a8b65a93b73c24ae77d4aa2e,0
ce6f21fe119850499addaa0a765af4ff,0
f4d7124ab19859f8957b60373668cc91,0
163811c71b0c52dd825b986df71cee09,0
d9d0c7c1c8d6574eb03635225ea13f56,0
e9b7b2e4419f5184a64101885f61a7c6,0
f19b328a225a588191bdac6297c9001e,0
893134cb61715fff8c2e1ca4730716f7,0
7940f17a094a5c7fbd52f05c424b83dd,0
20b790e18cda5947a08056a1e6c1fa6a,1
88d09e42b21f5e3197b3e5ba3c5e1c4e,0
edabfd2792b65243944f9bc48494452b,0
aaba8d8190d053dcbe864cedbe6bbbeb,0
10cb74304fc3544fbdc0401464e72b05,0
2015038c9f9157dc9d8b950384e6de83,0
0c6201cd3bd7554d97fac76f0e50ca49,1
8fcd03de590459b1a495f98e506356b9,0
10a777acaf445dab920103ffcd37e91c,1
34453ca9573450c7993ddc3a550f07d1,0
8ebcbb803756544ca5440d793ef1e493,0
9bdcd2df67715fdcac01f107b5f9bec2,0
0db6289272865f898f7695a59b63becd,0
8817afdde6335853ae49f3b6cb9fb8d2,0
9f15ae43b8705e6b8968d814d95157f2,0
bd75781a45b75683a8afacef520d9821,0
2a19a4f5be325e5b8baad47d67a5768b,0
5e24891a4d48553fa2fa2abdf4c4efe1,0
c2aacbdb632d554ab80731df10857e09,0
5bf0800cf5a05ac0ae32556324370512,0
303c229e5c355367b0f45a96901c2b2c,0
990f382c54fc5a7996dd03e006fd7185,0
1294d3447e5a5358b77f13bacdf85c4a,0
9b7e0ffbc74a59f9849dbd6c4cb1706a,0
3abebf0be9ea59c9a1c3ef48c29bc279,0
30677d543b8a5b7899831ea82846b2e4,0
9f1eb459534c54eebbb9a9e1d1ed13ea,0
6b5c18a54ed75b249ed3b0b6a849b9d3,0
3bed03189b84559c9a22cb0d2b687750,0
ef1905a78ad95b83ad03641f69f6eb71,0
56eb09bb5ea45b529f10f6ffab370e79,0
579ae32f04e456a08a5264b569aeedf8,1
7f98f4dd5301535a9744e65c7b93adc3,0
df25d96f6a545bda89b43b7046de1bf8,0
a8eb180a06dc59259bdaed1114fbc123,0
de07caee5d2e5224b880dc661957f22f,0
2892b1a267965dd483f12e5737912755,0
d54e9e2560ef5d3eaed87588328a2017,0
1fdf4d8c2bf5597e849d3a949055484a,0
99ec791c32455d87946f2cefdd8277c8,0
b7fba0fb3d425399b5093b7fc546e581,0
4267022791fb508b85d2c2a1cfbc02a3,0
684629d698fc53759dfcfc09a67601b5,0
ba1e805b59c559a68f10445d45cafbad,0
bd57558800ba5fe68fbbab8705e995df,0
c3b4cb1f66df5a43b19987195978887f,0
901dc846046b52d78dcd57f49c201e3a,0
345156fdfab65d6b9952e2b04a76d2ab,0
44567660b6e75153b446b6da8fd9a157,1
04c9ec6bab6151c9ada966217bac0c7a,0
bf2fbb797d5f5987af799f2d1276efe0,0
25acb616946958b9a73df78f0b25f39d,0
b89e8d41c6fc589e9279fdf8a5e50b98,0
ad7d7e49573259b296906388c0a51fc4,0
864e5cf1732f5134b11f14094d3eff29,0
da5c806d59c6534ea369427083a6c6ee,0
4a11e88b0f985931973b13888bd4e8d1,0
e4fb43f7f16b5bc7a2edcc6e3a637c86,0
609654b5c94653bcbe120b2df3208465,0
5d7d5c5c27655ba6894e8a3b740a9928,0
93fd5f1af2725ebb975e45ab2dab6b1f,0
79c01cb734715a54b4a99f5ce482e0a6,0
faaf569661b05f05ac6110e9984cd88e,0
7b6e136246ef514f8e573af6fbfbda2b,0
7304d7412e835c758a1b0f3fd8d82cb6,0
6822384fa89b53f5a9cc78f00799f7d5,0
d21b808317ec58579fbd639aa8eb00f7,0
fed8089e724f573c946f03d0cf5200d1,0
c185503008695dff8248529c23265c70,0
c941b31a51d259fd947bf9c326f7ae34,0
3cafd77bab135c6c901445a2340e7787,0
1a69c96d42f55c72a702c686310276f3,0
636e7b2eba015131b832acde44a8af82,0
8e31efc0607f5cfa8b581b7f2eb523b9,0
25d6a636d3865ea790af51b8852d7a44,0
8aa6adaf55c85ce096ac1485474be605,0
fa1464cfa3d751088efd1012b096849f,0
7e22a0f0a08d5583bf2ae392072f3dba,0
a6ca20246c535c659944e8c6c989af7e,0
988aac19b5ec576b9f65e16a4c48aea4,0
85ff5ceac03950eebe088cb36f80c704,0
c177d6350422537c806c708f7f86335f,0
ac473ce6e498566eb73ced834cb3f8d5,0
d2e71268f1055631828f4c290a80c2c1,0
47f84de1cf3758bc8e2e204c186a0d3b,0
408d51e648cd5319b79beb55ff2218a9,0
9436fcf097a859e9b2e212f4e5b78966,1
9a3c5e201c41527882b7a4d89e6b4370,0
47868a001ecd5d2992505fc166bf1c5d,0
1bab8040b0e8550db262d91fc809b9c7,0
8bd482b954f35b6dab89cafd4b0064d5,0
1991a10376df510d8c62cb9f3ab19277,0
df6ad862aa345fa8b1768e408932c456,0
9e41d5ce882856df80d279a74bf4fb8f,0
a91a2b47d39959aab8b565669fb6f1e1,0
5b25d70ea2ec542dad6745e9426f827c,0
2fe5ee06ec2a598fba3b343debf771f6,0
3df4800fdbdd59fb8454af1c65654fd3,0
6742e1aa3be2588db2eef8ec86e3587e,0
420acecf317c592eb1eac0a0efbba0c0,0
471be5390fad5e979ab823af7999a8b4,0
af2d6378f97c5e76964c2b745f5d8572,0
6187cb61a2825b63a2a6745df4d68dfb,0
9daa01d98e135aa0aa6c1b2a30159a6c,0
229b8a50c42b595d9f4115cf2b9fa730,0
6033f46f91c9546aadd291db6659f53d,0
8710fbbe58e953e4a76226e6563f76ea,0
6bee2f6a8fb75e2f967b741979e9e76c,0
5a8386700f815545ad7dca8697a2c4f0,0
5ca5d3c97b7f521b9c1e343e00e1f560,0
9837697c13715e9d8573eecc85b13a2c,0
2860edeb830057028f9fcc9a0161630d,0
96b1f7095321517f9ba305576b62effe,0
264b71c575ff5bb28b216830975dcb4c,0
158d2b067d2859b0b91995fcb53704fc,0
ed1be439c77c53519c2559c401146690,0
6dac26ee59315d4db7aa0d824c99d888,0
20b494385da25308adea6962d7052b02,0
f081ca90b4c15121ab0d6698a34a045d,0
f60b1380b81b5a149f478d3acf1667ee,0
3c0c15e31e9955df9e91ee65a5447c64,0
4638acf7dc325ecfabb0e14b0d825316,0
2d85abc3c17d5af78f66ca424c55d39e,0
b3ae911b5e935ed28e0e89f96756105b,0
5f7403f61a0f5a15bbcd6efb08eb7189,0
808ccad925b759ff8bcc1e578fd67942,0
c6db3ba57f805ea194c24d541c731bea,0
58fd06f065835b618abccbae49cb5094,0
dd976ee7a4895823bafe423837c5ccda,0
7c9816e398a85e088f8dd6c26d497937,0
66af1dae11a759d0976443ada5f4d871,1
6a9a7a4a7a7a53bcb2a3f8bfed4b1baa,0
80919aff27995fbf968483b7bd23c189,1
e32b5679cfe15db4a7ad1ba259c9278d,0
5ecc10cc401d57c1b14410da44eafffb,1
55bbed00ac805c0b8fd92431a7960bcf,1
f330b88f590457d79a64343de550f0b7,0
4b37d1038ea75018b336570742703b70,0
02bc09827346579ba60a31c9616b06a3,0
d65fe99d90a95658ac986c77fc60ae6c,0
5ac85f8c1a0d5d79bb2032b39833e79e,1
bb9bb0c84c3b572f9b2f2345a0ff487c,1
e2198885ec475556b12c632770fcacc7,0
692e093fedc35a669536256a20c8679b,0
3384b319a67856eaa78b183eb21eccce,0
793df7326e155306873f4cab520c9424,0
db7d36e87a3859578d315b2bed0f764c,0
68e4c9b3230952b4a277be65c1c0acb5,0
46254ec50b95516185fdf74b1e3d6be0,0
90b06354d9905431804a96c108e3d8a6,0
a7f5ab99fe0550719d227e452718ceb5,0
4d7025e6f85f5370a1af96900f897250,0
543e2af0f4ae513e9ad1b2b80e6ba51f,0
40deb6ecbfd25254824d36e32a37f37f,0
799f7965eebe587dad22a6eda352828a,0
9531e2fad1a65b5cb890a9ed0317456c,1
b00155fa20dc549cb2026cccfec999fe,0
579f1de6de6a566483bda24db7d2510a,0
cb126f6fa71850fca8c2613c45b99906,0
f3dda78a2bac5b3398ea86c4f93275a8,0
b5e73a6ddc88530e9485b7953f56450a,0
625e46acf5455fa29156fbf8d833ad41,0
812a6d9dfbcf52a6a0fc5d0eabe38231,0
b06193cb9e295c4fa694a1a2a6e15a01,0
45a4122dcae45f20933dbc4fa52e6f65,0
aa62b53eb6115524bd0779d66521f528,0
8516a5066585507b9e582204340f293b,0
01abffcc96cc53829f42dfa6d318b6bc,0
4224d98afacc50299ad873ae2c5f9766,1
38ed1c5f33f050b8b0e2160aa6cb5a46,0
7477f22a6bed5fd89ead036174200943,0
a640079776a653eeb10119c6deed924f,0
dd8f25b58e4f5c339a2c20dfb34bf8ba,1
3334abaa2c935a84b5562fc7e85b48d7,0
ec634395289658b9b90a5d8d4fd6e60e,0
8d8008fc74be5ef9ab9dd9510fe5dcb5,0
762488f6fb505d77bde9a17132cb9b86,0
94eb2171dc4c5861b207b29745c25dd2,0
6fb7fd34a448537a8cc923fe53586370,0
0ca6aa1f6483505c94219d0545a390e5,1
2d39f9be9c1657ac8bb109af082292e8,0
93f9c5cf622b5f1e9a30ead33816132e,0
03e474b8cb145f57bef9ae5ac4124421,0
58a0bcdf32c158198338e39aea6432ba,0
c8a8988693f951a0a96dbb5b98ec02d0,0
7e54b3345be152218fa66f8d13edae63,1
705f8a3f3b4c5401bb6d125017bd8685,0
0e7066fc68965bbaad95a2f85d05b423,0
1a9a3598846f53eeaa6caefee84bc173,0
f47dd16d9ae654a7b339a6cf0ab9d054,0
0fe2d279df085fc48425f3b34a334a63,1
c0257be52c4c5981a33b6343c0665ca9,0
7b776ee3d2fd5a25b7f880eb23c7615b,1
87247e2d654150deb71cea44d1dba520,0
925335845ba6582d9d147df1be397e55,0
455636902a5055d1a7071a23ed8468c0,0
993e91018fd250c3b54ca2d108d01766,0
73a546305d395e8b9e37cb4bab9ddcfd,0
015c7a5f5426537e87768f7b8fc668da,0
603f7b747a67504da78d9b7c7717d8c6,0
e29fc9addfdc5091abe70e58a87e74fd,0
083a6aec611d5d1ca0e79ad5e9c4aa89,0
3cd0fe1f0b4a5d88afaca936d2ce0b3d,0
21338ce505e759bba7fbd06ef3186001,0
27e9ce8afec55dc9ab42a4596bbafb9c,0
cc41b6e465b85289b0da62ad099bdde8,0
41a52d3e66785436b8f2049fd59e0d7b,0
cb2d2f6a501055b5bf984cb757ba5ab8,0
ea2b300de10757acb7b31ebdfdf595db,0
d6c0fbfda7cb54afa16d195d300b6392,0
ce79841404e25b8e9b713418e613f584,0
699bf751f4855bc29aab1b621cef94d4,0
519a8b7a7ff756139af1b888aa42f0c3,0
db0d4606b8b759a7877ed28e8aff15d8,0
3132c1b42c2255d8ae5f9909b742dc0e,0
edf9d7c447e85b3cb29b6c2b9d502715,0
90c30a52e7de5b1fbf81ad64944c953c,0
ca45191ab5ba53eeb0828687efa4bca3,0
ff47b472e6df5efcac72326d849de7a9,0
bf8a177091cd5daeb3ae8b06414b807d,0
996e5f6881715c41a1c648a5f3c96ab0,0
4d237c33bdce52cf8fa777b821fced04,0
099c92fabf6b592aa7cc76f6e32af6fc,0
e3dd999300ce5d4a97673c855e42633c,0
9e3394b4a8935be9847119f35b22c3cb,0
ccd1fa6dd5c753e6a9806fcdf5ab1af7,0
6adf3cd987f859258a949895a1b8bfb8,0
8a429ac0def25a2eab2647aaae505ba7,0
e96fc3f9ebe55ebd93de2fcc2842e2b0,0
3af254e14292585dbbdb7b3405bb5846,0
59ec89761fc85f7f84fe466f058935b1,0
4df33efbd87255d28cea79e5bfc08d9e,0
59d3f6e70b7650b29b7698a5df87edd6,0
a76c6dc6f108546ca54546c2b1336da7,0
2f32eb6cb20b555f800c6d7775c86acb,1
95e43fbfa7f25baebcfd285590e3b7e4,0
f82782cb588359379c4ce780c3839ede,0
dc076bb1544f593892bc1f2981a7a8e8,0
e96e752ac23f5a8c8a7cd70add9b11ff,0
10ac1d324a4555588c07852f65a25cb1,0
17de9ae1c23e5f9c856ade133b9a4f19,0
ecad2dd93ee056d7945f517e246c63a0,0
215a5845e65f586e8d1f23556bdb4745,0
1fb71112024d5b5d83efee0fd536b922,0
1fa6d7a03cac5fe690a96b552e9581d1,0
82114595a65e5733bd1b77eeae070522,0
2dc236501a3359f8b6b1d038f94935cd,0
0e4fb4fb46235e63ad3b0857c618780c,0
cecced9eb3a9518783a7fdf66b2d65eb,0
7727dec5bc295f1bb090075332e2dd52,0
4611145b9ec65c5081af494537e8b98a,0
e15a89882ead504399f4610c053e1494,0
8cc5d4e0fb01591d98da55ddb5cc52f8,0
5faed5ade2e15fd5b0f6b9888ab04f55,0
c1d88e8f898b5ff5985b274499eee0fe,0
08c5aa0544a154a383ffe06565a9de7a,0
b2a4320b5d195a368db4bc51bbae69f9,0
db4d6e98426a5aea925ef71af19441c7,0
80222ce9d4af50f2b1906aaf2cc64a1e,0
1373e8a4c5a459c48025201aa2d6802d,0
5819dfb3d7ee5f9ea699cb453948eafd,0
abd245e77e2a569ab3c3897ec13c9828,1
b6605268c94455b897b50bc0859a5fe4,0
5d3b988a142b59fdbdfd83aff57111a0,0
0af2b68030c656f3be0f8218ffd77f52,0
05b4c1f63668543a87d527b7eff6d96d,0
e9483d10b81b5f6a97cf97ee7506da21,0
5146b0867812527fbb01e0e63de88057,1
644dbc037843500e90768cfde4022da0,0
66ac99c866715775887fe9ba9bc6e818,0
cddb655898585266b39bba550a35a484,1
a31066f0b19c57e5ab0a0df827edbdf7,0
9e116459ec5d5f289c5f032d0e7d679f,0
4894bb14d8fd5a81ad241dfba54f994c,0
9cee20178ba35aca8e5ea0f6a33e7542,0
05628262ca215653a26f6c0a7af1f453,0
dbd5368344c950a6b3ded655bbdb8e87,0
315c09abe3f854b9af2029408f93f9d6,1
8a096adc700e582d8fc36504249a55bd,1
3ac95a6e07335bcda245c56f614f1939,1
e769db2db9b45bfbba37eac4bf2fe366,0
fc4c52c2c7cd591da5c66257f5106655,0
f57e2a7275bc5c81a85920f3cbec2bbf,0
59c90c094e8d5c1b8e92a773d6d8ab1f,0
b228f169d0d85222aec6d8a26051e797,1
71a334d5408d53c09f6e375046657e1f,1
43235e5c3de958d1a088230ee9504a60,1
495e3679694b57a6acd35cb8dbd8b7a5,1
dfbd2ef330c75cffbf8eaae77ae88760,1
a4d05a0bbf7f5446a57cc271378acf9c,1
9b7719c4c4f350228617eb4014f6b7fc,1
c8e0f8b0010f54d9aca5164b996754af,1
3ccb6873a09854f0b109aa062f704b0a,0
26ec034d7ac65afaaa78568f3b759e7f,1
13849e9705e459a69e51897ba543c1b2,1
19fd980b3b7c52328fe156ad5b72794b,1
673cabcb0f3b5853b2d46fc466d0e038,1
9ff1c508398750f28b20bb40a33c6e22,1
c5f7ab592f945b7a8a7e444a33821bbd,1
04e8c4df08d3596d81283e1741dd138e,1
7e0c21d6bd5f56ecb61edea0f37bbc62,1
5eb771ecccfa573bbfa53b24c87a62dc,1
fcb5930ba980585cbd076568ccdc1ff4,1
fce7e4e26fac5a718d54423208b4a73b,1
8de114db4c665dfe841ec392eb9e1723,1
c87f3e9261c95046ac268f0379f811b0,0
5d3ae5a80b7f5055a0359dfea0ffab98,1
08476eda805f50d2acf4e7b5a2e00a6b,1
7ad91506ece15480aade8ceedf341929,1
5cb5493b270b55d1a925249cab430c0c,0
09d92e30036c5b8e97c911b5c8e86fdc,0
03eb891f81945716bf9cddf287548ddf,1
ccba323c90b35b32b223c42b6f64aed2,0
2a2f60faa66153ccb6f96b413c626fdd,0
8feb2c9fc4ec5731a825b8047c8a0623,1
66b70e6070715c369498323c885f1016,0
a83d064cd61e5acfa4cb1888f2d575c1,0
95cc644730ec52ccb3df827f002850b4,1
a4995fe0a57c5ef494aa256acc94bb0b,0
a91f215a89d25e9fb15c5f27a1eafd48,0
741a539052085f01acd6a6e5bcb43721,0
21623e4080035e9f90a3059c5933eeac,0
e7ec879f134857c7b962d5b6fede76df,0
8c6ffe25d0b95637bbd53f3f3ed3b37c,1
cdd0c885b57a50d19aebdb60608052ed,1
58e0e62069d65f6a8efc1a53b4bf983b,0
4bbd66df05f6537783562b8f98f2107e,0
6862bcd6b59c5fe08ddfc3da66f56fd8,1
c37e62f487965d24a906a24a6b89448f,0
3492c49352695085862d7a16a7e594fb,1
b44934ecfe4859b0bd490bb7817fcb47,0
99cb2e36a7c75d6884d791f5e6e3c833,0
282152a7ebbc5432aa1bd47f965a70b2,0
6f90c5484e785de6a559d3b69999dc9f,0
952f60a8e52656e9beb4d80382d2310b,0
cb4c8c4495e0594b95041b90fa29b2da,0
ed88aa9cd5925f5d9d3845b2c79559b7,0
7036af060b0a5f75b2e21b407f51f24f,1
4de38de8e6665511a8a4d2820dc4f049,0
7b534896304f5515aec2caaf634ba70a,0
7877589cbde956cb849a18305491e7b2,0
ba95f20484735b40a76536d13433b36f,1
7f920f5cdd325285808abc4c801533ce,0
9bd36fb51d775ca6941b3806e4ca823d,0
bb8daffe241a552f85a7dfe877c8aaed,0
06e6260ad7575a08841af63652d01205,1
76d69fbdaa7d543b8f6823bef28fb5fd,0
22427bb4452c5c61b25d1da1448bb5f5,0
bddec270d42a5e9d961c36941597f772,1
3619944e1ec15ddb9c5effd4b9cda686,1
94a73b8746d7553485674c2da5959b17,1
6cab8e0d3bb25a4eb76712220df5921b,1
ec7d8a4c7308580a87d965af13e3152b,1
db572933c00d5392a51e33677df09759,0
3af2bab865fc5f35b942cade417b0ad6,0
543bd63374a5596eb2d07cbc59547a77,1
218353c7266254299dcba6e93b621558,1
e7b8c1c40f6453d2baff6c57d10a1cfa,0
af4c4aa50dac56e3b8c4b58029d30920,1
ba7e9e2f72b05efe8494a4cf4e8e54ea,1
a15aaab360255c6d8bc21cd2faad05ba,0
1d3b335b6bdf5c49a3f8285fd5a30e3f,0
90f26254869f594e88079e23770b8600,1
d73edf752fdb5ce5956ffe2a7f37e80a,1
111787d4ce7056128f730b69f7cdbc9c,0
17c91d61f8865bb6a4c05642abe5ba71,1
cf28b447710156f2a104e55944d32dc6,0
175f9ee6db5c596e8d54a810d384944a,1
6f01740301ee5acf92fb95c2a95e2382,0
39599872d68555f8af0d94e34abc3a20,1
c4fafef777be566a99efa6e1967cb143,1
927870d2326e51119402f7cc7613f898,0
78de4e2c305358c8a5293fe60d54361e,0
d4bae05bfb0757bc8edb0a156679d9ac,0
dba33982e4145d76a7faca8961781238,1
0fb22ec518cb501da7c1d40a2bd78bed,1
fc8c378275fa5db2b18c5b7a5bac8a67,0
99929fdce542546c985d7e74a6291a04,0
a1828715f15e52d48d4b34f1554a1c93,0
0e0db930ab9b5b8ebdc2a57d20e888fa,1
e17e2183b4e15dbaa1bf777260fbeac3,1
140e0c83a66853e79110f1858616afd5,1
96482ba87c0f5908880dcca0af17d1cb,0
dc8f9abb90675d77bce7b4ea6a857c0e,0
3e9baa0c3b695c0a89746c4dad2485d4,1
44e3a1ba99fd547e83e787527419b15e,0
77e5cac4d02050ab97c3dbef3d764bcc,0
9ac4e8f9354e57749a55e68115e065ab,1
66fd425fbb4e586a94a2a74384ec3177,1
4758cb481aaa5178841dc5b180feaf31,1
1cb3fd9509585a4fa1afbc483b38cef4,1
3a17b3e973b15df389b6be1bde699906,1
b2244cf626075c83936184050b82b966,0
181b46a7b0715cbc80527c3c99cf3dc0,1
40ef031a00375e72a91fb5cdb1147885,0
8a46148a85495c1e9fc3cca41af5f7f2,0
90e43d1f845a54a1b3010760b676f19d,0
1ef4737bd6af5489ac52dddb26027487,1
9dec044ca8b051c39ced3dcd580f3564,0
522c2e72cffa5cd093335dcdbda8836f,1
5feeced181d95c34bceb1ddfdb64601a,1
a12f461fed005907a130d833e1c7991f,1
a5a57daa535a55e7afa87974e03fb4d2,0
e16bf18485cd515187a8c083a66bd913,0
2dfc3144ccfa583989d522ec67b5d4f1,1
549b12c173785c69917750740ae7759e,0
1f38856db9d552409c7ddb00cbf423b8,1
977d81b13d095f139dc23a1c07e494e4,0
d74b2db0c2c8579a8f301f394df5be38,1
ff9585182c4055ed996fe39c61382d3e,1
4574c52dc6a8541a9ce583b8c91a1efb,1
e2516f94a44b5aae97bc1125d386b927,1
f667a030076d573bbde4d71962a87faa,0
f626fbfa3fc2539c8b6e3fe34f4957c3,0
ce42fc6b49fd57629bbbede0ca92e181,1
6c6e2e3996775a66a85ad728ce7145a2,1
9111448f1d2a598f8d7d8cf3bf940be8,1
59d2759582fd5cc4a1409927132614e9,0
2847fb7f4b4059d88075af3fa66f659e,1
5e73a96842fb531b87e60c341c00c5d9,0
238a5000d9755248b6493762ade63dcf,1
835b3c79f97d5483a224844717a1dc9b,1
b5a04c365e4152c2933a765f646c5ff5,0
bdc93aae1e59567f999908555df70677,1
08a4d8f8d1025733849b11ec37f88594,0
3ca741f98c3c55d2a352df3d0cbe68f1,1
e510528c322554eaaf1c5fcbc8ce8970,0
c0c79e8ef4495846aa57cffbfe26aaf1,0
625907e0656c5dfa98e64d134cca57d1,1
9d33c8611ac65f1d8475f740b5886094,1
5b4ab3d69385501980acbcfe0b64df64,1
40cca5c3310f54cea09cd57db95949b7,1
95537e98d38f5256a540079b3a867170,0
b0f436198d7f5451aa3372228f5b3558,1
5e058bedfa0051ab9aa6169aa23b86fc,1
568dc98bc6545d9a842d93cdcb751a99,1
216e09e1a32c5aaca0ff1e22af3ac495,1
5cf1aa09d94a560c884c78b1636c9390,1
558216cbd91d5b6fa5b5cc54d60b2c30,1
4893f6c825c85b248c0d8c62ca497f96,1
0b572d9f93d35adaabd67b2aa0c532c2,1
bb095ad96136544db8d3a2d7850a6cf4,0
d3d8819e167950aeb0c77d7cb81af312,1
9c7e0cc4f2975bdf90f345ad269fae30,1
91691af2048b533592f0fe199e5cf040,1
64d2908956ca543d87b7a1a9811b680d,1
6e7403db431353d195984336d6a439dc,1
f5c48090191356a5b5951ddd2a48de7c,1
c800943aa16a56bf87282487dd02f305,0
882c132c181f5a8a8d9af5c6fa209092,0
acf8cbad1e9f503981780200bb8afcc2,1
ae3d6204b653549a8cb0b02e982eae31,1
52be838457c556c8aef3f139453161f4,1
cfad9b4932fb596e81d82523384a49e6,1
40c312af421e5cf69845b2162b65884c,1
1b9d01a503eb544baec6f80c4314d114,1
561a16fcfa195db7951ab87b5620b0da,1
9d287ee472c55b889ebcbe54172678f4,1
d0184e0bcba5554ead201873ec7dc4d7,0
dbf99213fe9851269b4471bbb1e946f2,0
ad932d8d36935aaf9405290fa74953db,1
02019ebb5f31576aa384cbb962f673df,1
e0eb2926253556e2bf13f1232f290488,1
e46494224ac35d2193e589cabc99ce10,0
440109d2225b5f52914f9ba06b0335d0,1
853eb07172705238af2404b3ab26d3a4,0
2c3c94a3026a5ed6b929944ce067ea84,1
739cf22cdb925149845bba126e36baee,0
449c4032b6c55f2c885cd4823e6319bb,1
c3da097179cb50b9ae564403ca731453,1
290c15bd025b56dd94c392b38278ea78,0
876f861857475c49ac4fe21ee90ec6f7,0
57dcb47a6c9f5de4aa21205cd335b0ff,1
e16e4aef9dad50febb2fa9634c7fa281,1
77ca84eea84d52d98967ebacce39ae61,0
2ce390de58a65040b0aa812e88cff440,0
380dfbf22bd0518797e6ddb44c87c3a4,0
79a23036ac5f5d7a98f7c8aa22a54fb1,0
4eaac1a776ae5e93a41ba9c9c895b82c,0
501e7a6ad2335ad6a4eabab80eea6d00,0
7d8e202be9205639b9aaadba1e25b00f,0
1591c2d4301a5fb483dde19993bb3f1c,0
f411405187205d96a5be996aa1b6f418,0
87ea0335e0745c008e80177d7b7f82d6,0
63537742338e5485af428e4751138be3,0
c36c9e13e0f0594e8dc69da18b398dbd,0
0a325c34fb6d53cd8ea4247db96714ec,1
a1c1cb9d7f6156759ce26f3930ad7b09,1
1848e53657e656068e03387ed67be5c8,0
87c0aa0a08315c7d9ebb767dc1b68a8a,0
7451bf8fe426514badf9d778b022df84,1
14f7dd42bfe35a82ade4a699b0944422,0
8a8e3abc36de53b8a652b3b9a6cfce0a,1
17fe2420f27f5c0681a92eca4beb1ad4,0
ca8ef2188ca9533fbb82828d72cb54a3,0
8a533f0d67a05870aa11ac89b32086ab,0
15ca8f8953205d2fa754275eb73ae498,0
3e2ac87bf5d05af6aaa5379ccda77c0b,1
06193f1825b754a0bd4aa0b20ebcf0c5,0
f70c1207dfc452b48f0a0a898fdba3cf,0
0c3ebef757fb525e86d06b506d66827f,0
98b4ed458cda5776beeedc1194e7eb19,1
50d46e2f752953baabe6c66c8e2c5ad3,0
4528c4679c3e5fad82b4fcfcc7072a07,0
19f830b5b5315109baf6c2af4cb6df7d,0
95c75f665f4151498be5eff35932b537,0
f2f659202baa5ca5910a5cd51ad722a7,0
ab9fdb5e41fc5c25b9b37a44805cb406,0
aa110d4c82835794b1767682fdc795c5,0
0173d97982fd5ba7968d7544fac1fe27,0
96217328d4995c6faf83f7b15274c989,0
526ee52d798f5b1a9602058f13d1ad57,0
326f87451a065182a8fe42f2fee8c886,0
504ed5b6025451b895e3816bdf3e8fbe,0
0a55c7c3cb545181a08efe5c51b4d365,0
a517e23ec0aa50bfbec24315a16b4e3b,0
d06003f64ace517c9720eda3a5267994,0
b2b125d4b1d452359c5dc35e6e3fc824,0
402efd56d7d251148c599aed31bde07d,0
931b0ab095555d6ebd7cc03aef5355f2,0
eb74aab0c1345f04bcbe2938a1b32060,0
a6e1538a87845901970cee255ca2b477,0
174d58fa5b8a5b448d01912c9a3d0412,0
f46a181b2ccd591c81fcd9ae8e927df9,0
ff2af9a83d4d55e28f73293691ef5bc0,0
14bcab016a6154b0b4cb88429be43255,0
ccb4d595ebc756ddb8a33ad48b6693d6,0
4d221cecf1bb560fb5d042e386cce509,0
e5d0b54ae731528ab6e875262062df83,0
40f26b444739510e95bee2e506d89442,0
9c6928623c985f5483a9e0963855f9e3,0
141c26d756e457dbb2403e2e41c16667,0
ab17db3b815151c3a96437b0bcbe58c6,0
745cb9c9e2fa502da57c998bc115efbc,0
33b9b3cb115e5b58bafd9e9f54453742,0
c19151c9f46f5468964b5c379ffa60bf,0
fe6d857b209856a3baf22f1eae14b890,0
40afa6dff2c45c4a9e8b60f8ea0ba2bb,0
a30cb1177d615ea0b76d37c9914054ec,0
6431f0913b76506f9a69d33e95a76cdc,0
b2a2b9e3838e5e5588a33def344dd7dd,0
9672ad6414875946909fd02d7c136a8b,0
5b307fa8e2a957e299d7a627079e4c8a,0
777b8c103cbf5445a4abf88c35c5d4b3,0
7b10915e133a595f94deef9753168fac,0
c2c65a976be7575aa5b5acabd7a64d68,0
5516735f6ccb5ffba8284dde3fd9394e,0
59d03a2a94f15e699db06ba2d4f7d815,0
cce2d02b6e3550ada7c7d5da1fc74666,0
d3ab03adac5f56a3b5040b996823e5d3,0
a9f48a5eb7e5561cb9f5f4df36dd2d0b,0
1298ce59dee15a34b32d844fed1be47f,0
113c0ee2e792563aba8fccc1fd8532fa,0
601c9b06ddd95518a32f965c86feda59,0
f539a7e0475250d6b0ea440652464438,0
b1803866a8f75d11828e261e98883779,0
b318084325515de5b4545f6dd889be9b,0
eb63e7e749375bc8b43b7d2541f31ad2,0
c681cdaaf1cc5ee18847f9abef5bd5f1,0
41ab967320535cd2bf9e2b3fd36af7ad,0
d9262e9a3fc25df6b53b21eb11ede563,0
5c9dbb44c0e55108be568162c77929fc,0
c71d7bd0b1bd572f822b3ada8a24b6bf,0
407e83420aef5aebaf4e35ce1c89b219,0
b66d6dc9352e51289eccfeb623ddf1a8,0
eb14d385a3b8530a8b4c7c2710ee60c4,0
5b279ed7a92853299053598cbc925649,0
ff6835edff695054963c79bc792e7cce,0
18c1a69434725aedba2b7198a364c8c0,0
57ac59d3964858d0b345d7663bc97a5e,0
97188144e8a1578780c6292ff2b70c6a,0
9eee163adf5e52ff8730d47f1cf30461,0
149fb3d08a935bef9435034005e157f8,0
93cf5e9ade5957c696e414f03aeb2819,0
cb956eedc3615036baf4ea374e7eed02,0
182c13712a835ac88f71131943887209,0
ee6917a39f4352f889a5e0e2fc62bdb1,0
f6b08c458cb45c3895021da3634cf263,0
d0e93312316953fc872ef9b99cf71ebb,0
da307be5755a5a7ca3bdbf31316d198b,1
30239d8c1b9c51a3a654b557f6d8e4f7,0
2800f97f8fc75aad9dd36939c5afc701,0
a32a06416a905f1b848ef9f03e107fbd,0
ec0b1089a92d596d8815e288dccf1288,0
07b28365e9cd51eda7a11c3d7872a19d,0
273624efb57d5d0583be9fe3c44ccaea,0
317d97a2476b53eea5f5a2c909870c96,0
f05e8fe754d051ef8f9d1d2c56385d66,0
ea6b14e01b075b7eb577885f0f12e938,0
aef3d6b0c11f567fa7b1abe647ce58dd,0
576ba4d7b6d057b48677f880941d659c,0
46c62a5a90a55281aecf83f093f0a5c5,0
770e8239b8b258ea824237226a882899,0
c3e7229cccc456ccb72266677876d226,1
b4dce55c958a515998e5e8052ba4b173,0
ebddee0047fa5d96b094b3afc0278530,0
8e2dd2dc52f95961b4db97c42596e469,0
bcfe0f83b1595b0caedb83eac2cb0004,1
fb45fb74f1b55d8ab7ae847b3c3b7ff5,1
227923d3191058aba5054999aee25da9,1
5f2ef421100959798376ff3f5527f2e6,1
bf5ed3be92e05bfd84c9dc694f0ac8d3,0
c8e952fcee4059b799fa50d1e73a70cc,1
dc73401cd8305a01bb03cd7de42fc368,1
a06efb77f45f50f2b3101721595fd10e,1
896801bd074653fc876d2b0601627d93,1
1abc9dbe3f35556b8b3c7ffe4736692f,1
b359dd135f6c5479873997aaf47a617e,1
4559f37f7f5453ac80af16f8e63f8e90,1
d91cefbd1727571ab7e3450d785c6e75,1
2ee9404eada85fce86595f5e1f3476a1,1
32ee0c5fa4d55c36b95b7079aed9f0bf,1
edb8b77eb9bd5d74aa9f5a87172616ac,0
d56911ee395b5e88989358a4843fec7a,1
2eb2edbab8215171b89f1e69959c119d,1
23e9eaea08f3542d983c00dd66058a4e,1
17aa6db377e8593a900c8ebc6c2c060a,0
4a4424fba38e5f79b14374a50d411557,0
0389153496de57429f26508142eeb12b,0
c801c229df9b5b4d9e5968ca72d1daa2,0
e92c87428b74546c8dc00d1a280eb573,0
5cb33debc792515683852bf5d2f70d16,0
491e3d3e3e5e5737a42eb9e9302b914f,0
714251a92add55c38265d611a0f651f9,1
8eb6ed6d23305e2382e25f0f178174da,0
a10948fd09d253afbd7a5c49212aede7,0
428f0491787059b791dc83cc100ffae0,0
2fde4ccdd96152bca14f4824636576a4,0
d0b4e4483158557594615f69ac0b104c,0
77ea23699c1452b69f86181f536307fa,0
c89cfb4e50275cb485c19dec351959b7,0
19aa12dfbf2f521790c8c9802eda8114,0
762871145e8e50c1b3a6034c569576d1,0
fd7a71aa4e8d5db999cb79d75378ef21,0
41e9f70509f55e719246e635a1c6098d,1
97ac7c2b57c251ecac64164d89f9dd87,0
cbc3d5dc75ed5a129c6e8c9d02c06850,0
2bc50f759074529ba1842f8938500b58,0
b5a5caad0e6350a589f517edb4db218e,0
4ca2eec2708c5cba9fae9810a79027d1,0
fe9bb622c9a95725a69d203c6997633f,0
f7a26febfb365fff9a83321bb0d8ac80,1
55bbe45041785e3c93be593fe4324992,0
e4f427aa1e985f8b8a0fe8b67b6f0382,0
8335e97a05a253ec862d986e68a14dd7,1
da4b10896c0a5318bbf1186738590252,0
182069f49b035a518da53bab427688d7,0
1f528c2d5f6b5fc68653ebe86610046b,0
72266485f5145b4d863d280941897820,0
4d876445f32254f59632cb373e365791,0
d5c11dba40855d258c474e267ae53e0f,1
9ac4a8c111fa55ec92e1bf37d3226999,0
5cd264d7f5015d2694c4c2c2e0a80371,0
b4b20b8754bb54baba3cda7d55c635db,0
ca44c08e66f8598eb4135c02aad579e7,0
552bf230a2895e77bf79ef5e9b0a5764,0
9ff3ee3f8fa65375bd2748998599101c,0
4fbceb84bbf555698f9524071c104cef,0
9170f202b42b53deb269b7e772d26911,0
d963f432755d5478bd5b4d0ad063153d,1
d365b0c5d9b852f6aec7464a07a6957b,0
a33aa0b618f9584eb71c2cb2a76d193e,0
9cbe33b47d94533482441ed55e0d9b91,0
311a4cf9a9d358d39775acb29bb38f48,0
040345c719d550349fffde6295643c9f,0
8466a7273f55591d9ad38aee0e502306,0
729a1fb3c23f50b6bb0a4dbef84db519,0
0bc5689b4b465e12b5ac67587cec5710,0
8eb617b694ba5295b9864745cd253615,0
941d72e3bb74537bb07f935742a6ecd0,0
ff42858598b0523cb1833a8e637373c5,0
ec0389db3e4d53e28b60de3b0e55adfe,0
697cd799a7165ac085c89f023d6846b0,0
7071251a7a9551c89a2174ff03fc880d,0
8d77189c6933529da33ec6dc2689f6b7,0
c75f49869c9e5c87852576a7ba17240c,0
ed9b86272b8a543597b2f87a941fe559,0
004a228d15bd51dfac51408695bce860,0
d4db9cc8889954beb36210bd4b66e699,0
460149351f8258b4b97b62a6e923d111,0
e24daed001fa51cd9f0fd443a7344854,0
54767e1f6324548f8fe6c41ca1963698,1
6a0f1cc14a1f5b74a0b2aaa8b9cc7444,0
adf2e3f28a4158a1b7cf51c7d1471814,1
4c369e929a3c5354833ea594b41cdeaf,0
a60ef1175c6a5daa852f532923a2a4c6,1
83f058a02ace5542b23b6f3b227bf145,1
86cb97dc4a215e0b8963b1b53b594b90,1
428d41ce3ec957188bfee1b0d3202a8b,0
bf89847e7c445786a2ff222a14b550e6,1
7d7560251c325826899bbbb338cd3c63,0
3432619857335637a3f415ebcd071eda,0
c31e91dd04885ec098525e8b22a631e2,1
4a16b601242a5f5ebe57ecd430d16fef,0
342c4b8562fd5a6ca69ba9a74afa53a2,1
65e544494f0859cab11ea473d3c42223,1
0d80b4c1a7bc5ca0aa891b6dc3891f9f,1
5bf6d9707c8d54e1bfdb054ce3aadc70,1
0fc15ebcd99952d5b6519ddcdc552433,1
e65768720e2854fa82039856d835bff1,1
acb20940725152eb8cd4e25a564bf9d9,1
5aa3e6d1744c5991abd62154263419db,0
9bebcdb330a05e6f9d1bb0af9e171fe2,1
f7b202d8407c5c66bcd3b763630d0cdf,1
9df504a87d7f591fbbf86ec45d1581c9,0
686c28130ea05fa7b54f2e13b988b8d7,0
429178470d5454909102ab3225ccdb82,0
8053197406e355319b372bb4aad1b2e2,0
9177db31874d51eebd74039a47808366,1
87f924891af45f49b2ed0283608f4ffb,1
3a05d83231af59efbdd7cc47a865abf9,1
de59a7d5bff453efa80d65c197ade3c3,0
ca2f8fbc2c215496906dc4b313e6ea3a,0
ca2a1c3d6e6c517cbdc13452c716ece8,0
4a8de3a098a3514b8c9f9dd31ef9a823,1
36295dc5106f547b9f164aa33e3c0ab0,1
2221dea7ee6d52bfb773c3888232c2e3,0
d30cc91194cb596bae8776b05f11fb0d,1
7ae1b7f4d82454438b15f3e997daf03f,1
0aa6c409e85758d1805b7a7c43fb2716,1
e56f0f8a85235eefb5b7db04a92571d7,1
0363021fab2a5beca8ef3ca8a907a6e4,1
9305b02e3a0251e995076758722e3f52,0
435bf26b53655bde9ff6e974a5ca9522,0
5ee92238ebd65eafb5177acc6bf32f19,1
0300a5392c2551219dc656906330eaa4,0
9de1abfad65c505da9aa83984612d4f0,0
d1992aac65bb52b5b40ce6fdc8c106bc,1
b8e746d116755c9ca194ec92e2e29062,0
049ddbabae085ba88393043d38f18598,0
f113187198bd533bba0c0823b94c2e49,0
c66bd3932c305471bdc3a1f4b5335451,1
c14fceff15ca5c87b814aa1813502aff,1
6879b8fa355658f7a1639be1f3af6eb4,1
6c0d6109d66953e3be34231a931a5d73,1
7d6263f01cae5fcd86f5bfc8d53dd90f,0
a924d4698a3f5d0d9735f35e72000517,1
1bfdfdd9b24558dabe6fbb6df6342006,0
737124a0afce58b9b6e1592c2c2d2af6,0
cfb21ac0d81451e1ba210edf83d4ef53,0
2773f7088676572eaffbc51dcd4ea3c1,0
586e8ba4efe35e03a89eb7f53ab12b22,0
a32e798070c45330a01bbb6e83bf5914,0
1f82174fb24b5afabb5f3abd5d768420,0
da0fb7be50ec55b99930d6f93abf725f,0
217bbe74cfcc5e2b848459e5c5bcffde,0
fd11ab738ebe580da5ea3ec06d3c1388,0
0f25ed3d96bf5200a0ee1394df7afd44,0
2b2c5f55101d5ba598ef628508103d06,1
2f90b71394e1555d9d46effa2df06beb,1
7e3be39aefb558dea727f061b60b5f41,1
626a8e3588e35ec5a14e91c71b822c95,0
c3323c3ce1e15938aa5336f796aa2a2a,0
683f7391c3e05d1b90573bb05f51f8f5,0
95484b7099915a599d73703a54014ea6,0
1ab98a261ed056a593ba649c09ca5c51,0
cf0615b4b3015612815acbcf89297fb4,1
252183614b5a50fb8f40db69982f83fa,0
190a7a88247e580d8f5a014383c0b463,0
33a45c8386ff517588cdc6472d6a562e,0
82950782c68659eb943e6fe94cd6d8a8,0
6f39d223e9d45b60ba77be0ef72866c2,0
cba5281e8abe5b8298185fdfee64fb8c,0
531b8a8fc59a59ddbd1ecd1b9e2c89c4,0
d353c6b1e5af55c7be512ea4f28460f8,0
2b5cfa33a6215448b0479f7d37f627af,1
e2e9c521de065445b52fa7684f127e35,0
d18a17f7bc515de78b0c761c4ec66d28,0
2f16ee1383fd5b2cb65dba1721d29ba4,0
49d84d2d073a5d29b11c025a161b7b32,0
1d54ad8eca505dac89edf8b48e4b4102,0
848d5587a207530ba3d296a0f2cfdc6f,0
e159b7555da55da08b7f98491b91e235,0
02c251823e975d80b070452608de1154,0
3f095fb9e61559ea865dc4520d644602,0
c0942006da735512bcb0c404749c201b,0
823b516318d75781bb897b0aaf860e35,0
b902e4b97c2e5d0bbe1d19d58e652e02,0
b9a3afba8ded5471a1d9fcd52d08b9d7,0
7046c094110a5b1ca4fcc7a46c6febfb,0
fc7dd7edc8b25041bdcdf80cfcc377da,0
f4ba4dca0e3b56cd9d796ad23e5d6c5c,0
85a97dc6f1015c5e9a36f34d75dc4771,1
e22e32fdaee35d1d807ffded5c899484,0
f445c32c00ec58e88647cd32719aa40b,0
2f73bccafd3a5d09a44d8152e0bfa140,0
f7cce827014e54079b63739c6ee2a3ca,0
d8657f51c18354e7b312b08b6dff604b,0
862d7b80b2385c359a875417766ec4d3,0
e813b873b1bd5ab68083aab830e6a38d,0
d5d22e953a8352c08bb88dd8980592bd,0
ce2b94923f565e7591ce5a64be477d6a,0
36e2565dad88589591fb58aefccdf56e,0
b5e8972e7ead5a8f8f3db02dd1846d76,1
41283c145ff652c2b43a6ad5298e3d5b,0
4aabae1b54d4553c9bfcd5c829a9affe,0
e291cdc6353158ef9e85864c14a0d2e4,0
7a6b09528d4154d398e469605f5aea62,0
8a7e8006948b5bc58538f734cea661d4,0
f1db027dff7654948e9ba6e70887d2df,0
452c6e4a9ad35ecb9890e841ded0730e,0
a4c9d81db5085aa68ae9d3978d66a55c,0
c7778f201b89583cb0bff418326d3f81,0
f6a562c1b69d561581bb0b66b65b43b2,1
ffdd4c5a0d91510db8e64c90d7041738,0
cd2f44b299c9522d949c3fb96efa76f8,1
38c378d5a7ae57d4a0ce0d38cb6c6e87,1
c793f9bf30935d45b4fb1d2a7ecd7c3a,0
8118816d58ad51228d6d1ae0a878dcba,0
3fe7391325025f6fbbdd739acf451824,0
71c5a46ff0ab557695c891c22eabc260,1
62256c538c3655b7b530ecee1cfe9936,1
f2d21f45ae655ae1b50216cc626f4ff9,1
51a7615e8f465a2791a8f0eb3499870d,1
5abd325f728f52ea92fd30b65ab13c4c,0
bfcea46a1b21534292677d1e9d900e56,1
681cc6ecf26c5cb798f722d1f6193201,1
381e57ea4d1551298237547aee098152,1
b5e8594e4e5f55029ac84f1de8b9cb1f,1
25096a82ff705042941df55137c9227c,1
434214db6d2659fea8b05f43bc2ce31a,1
39f1669842555d7d8b5247c21a5dc402,1
f9d28e5f48e65ebe892bfae9d8556815,0
f29130aa586158a782c6714c7345eb19,1
76cc3b06aaea507c94051a035cd56a89,0
6900b6cd52dc547ca5d29250f1428bb1,0
d0f9ff3af9445c6d92a1a32310c84146,0
07b884e35c055bd5a73af5fec7126c53,0
f2ce2dbc80bf5768b86b77463a014b3e,0
de580f79c64a57eba6b3d8578a602b8d,0
a931c1d101ed526aa7addf4a7e70e9ad,0
5814d7815ea157c8baf7eda5ee4aaf8f,0
00d945d923d75a599baadb0014a60dee,1
4eec2145129a5f80bdb4c1f58292b862,1
baef860fabe558cdbb75e4f25a7b0f04,1
07ab6102c0275d98a62d5ee08cb233f0,0
6a90ab7b4ae85c389c127add1c869b66,0
1d0203e70f105638bee8d62617504b11,0
2459715fd4275566beb9a92de84c10f1,1
